"項目ID","CSV列名","種類","入力項目ID","算定式・転記方法","算定条件・欠損・丸め","原資料位置（直接入力）","追跡方法"
"rowId","行識別子","識別・状態","","団体コード・事業キー・会計区分・決算年度。共同会計を配賦しない","原資料の年度・団体・事業・会計を保持。異年度補完なし","","派生項目の入力IDはこの表を再参照。原値IDはinput-values.csvとsources.csvで照合。原表行の位置はsource-records.csv"
"operatorCode","団体コード","識別・状態","","6桁文字列。自治体と共同運営団体を識別。Excelでは文字列型で取り込む","原資料の年度・団体・事業・会計を保持。異年度補完なし","","派生項目の入力IDはこの表を再参照。原値IDはinput-values.csvとsources.csvで照合。原表行の位置はsource-records.csv"
"operatorName","自治体・運営団体名","識別・状態","","2020年度の原資料の団体名。現在の自治体名へ置換しない","原資料の年度・団体・事業・会計を保持。異年度補完なし","","派生項目の入力IDはこの表を再参照。原値IDはinput-values.csvとsources.csvで照合。原表行の位置はsource-records.csv"
"prefectureCode","都道府県コード","識別・状態","","団体コードの先頭2桁。運営団体の所在県で集計し、構成市町村へ複製しない","原資料の年度・団体・事業・会計を保持。異年度補完なし","","派生項目の入力IDはこの表を再参照。原値IDはinput-values.csvとsources.csvで照合。原表行の位置はsource-records.csv"
"prefectureName","都道府県","識別・状態","","団体コードに対応する都道府県","原資料の年度・団体・事業・会計を保持。異年度補完なし","","派生項目の入力IDはこの表を再参照。原値IDはinput-values.csvとsources.csvで照合。原表行の位置はsource-records.csv"
"businessKey","事業キー","識別・状態","","業種17・事業1・原資料の施設コード","原資料の年度・団体・事業・会計を保持。異年度補完なし","","派生項目の入力IDはこの表を再参照。原値IDはinput-values.csvとsources.csvで照合。原表行の位置はsource-records.csv"
"businessName","事業区分","識別・状態","","公共下水道のみ。特環・流域は含めない","原資料の年度・団体・事業・会計を保持。異年度補完なし","","派生項目の入力IDはこの表を再参照。原値IDはinput-values.csvとsources.csvで照合。原表行の位置はsource-records.csv"
"accountingType","会計区分","識別・状態","","法適用または法非適用。家庭用月額以外の金額・単価は法適用が税抜、法非適用が税込の原表ベース。移行年の会計は別行","原資料の年度・団体・事業・会計を保持。異年度補完なし","","派生項目の入力IDはこの表を再参照。原値IDはinput-values.csvとsources.csvで照合。原表行の位置はsource-records.csv"
"fiscalYear","決算年度","識別・状態","","2020年度。カタログ年2021と区別","原資料の年度・団体・事業・会計を保持。異年度補完なし","","派生項目の入力IDはこの表を再参照。原値IDはinput-values.csvとsources.csvで照合。原表行の位置はsource-records.csv"
"servicePopulation","処理区域内人口（人）","原値","servicePopulation","input-values.csv の同じ行識別子・項目IDを転記","原資料の欠損記号・空欄は算定用CSVでは空欄。実際の0は0。法非適用の第20/21表内訳は対象外","servicePopulation: 法適用 第10表 行番号1 列011 / servicePopulation: 法非適用 第10表 行番号1 列011","派生項目の入力IDはこの表を再参照。原値IDはinput-values.csvとsources.csvで照合。原表行の位置はsource-records.csv"
"connectedPopulation","水洗化人口（人）","原値","connectedPopulation","input-values.csv の同じ行識別子・項目IDを転記","原資料の欠損記号・空欄は算定用CSVでは空欄。実際の0は0。法非適用の第20/21表内訳は対象外","connectedPopulation: 法適用 第10表 行番号1 列012 / connectedPopulation: 法非適用 第10表 行番号1 列012","派生項目の入力IDはこの表を再参照。原値IDはinput-values.csvとsources.csvで照合。原表行の位置はsource-records.csv"
"treatedVolume","年間汚水処理水量（m³/年）","原値","treatedVolume","input-values.csv の同じ行識別子・項目IDを転記","原資料の欠損記号・空欄は算定用CSVでは空欄。実際の0は0。法非適用の第20/21表内訳は対象外","treatedVolume: 法適用 第10表 行番号1 列050 / treatedVolume: 法非適用 第10表 行番号1 列050","派生項目の入力IDはこの表を再参照。原値IDはinput-values.csvとsources.csvで照合。原表行の位置はsource-records.csv"
"annualBillableVolume","年間有収水量（m³/年）","原値","annualBillableVolume","input-values.csv の同じ行識別子・項目IDを転記","原資料の欠損記号・空欄は算定用CSVでは空欄。実際の0は0。法非適用の第20/21表内訳は対象外","annualBillableVolume: 法適用 第10表 行番号1 列052 / annualBillableVolume: 法非適用 第10表 行番号1 列052","派生項目の入力IDはこの表を再参照。原値IDはinput-values.csvとsources.csvで照合。原表行の位置はsource-records.csv"
"householdFee20m3Yen","一般家庭用20m³月額（円/月・税込）","原値","householdFee20m3Yen","input-values.csv の同じ行識別子・項目IDを転記","原資料の欠損記号・空欄は算定用CSVでは空欄。実際の0は0。法非適用の第20/21表内訳は対象外","householdFee20m3Yen: 法適用 第33表 行番号1 列013 / householdFee20m3Yen: 法非適用 第33表 行番号1 列013","派生項目の入力IDはこの表を再参照。原値IDはinput-values.csvとsources.csvで照合。原表行の位置はsource-records.csv"
"sewerFeeRevenue","使用料収入（千円/年）","原値","sewerFeeRevenue","input-values.csv の同じ行識別子・項目IDを転記","原資料の欠損記号・空欄は算定用CSVでは空欄。実際の0は0。法非適用の第20/21表内訳は対象外","sewerFeeRevenue: 法適用 第20表 行番号1 列003 / sewerFeeRevenue: 法非適用 第26表 行番号1 列003","派生項目の入力IDはこの表を再参照。原値IDはinput-values.csvとsources.csvで照合。原表行の位置はsource-records.csv"
"wastewaterTreatmentCost","汚水処理費（千円/年）","原値","wastewaterTreatmentCost","input-values.csv の同じ行識別子・項目IDを転記","原資料の欠損記号・空欄は算定用CSVでは空欄。実際の0は0。法非適用の第20/21表内訳は対象外","wastewaterTreatmentCost: 法適用 第32表 行番号2 列016 / wastewaterTreatmentCost: 法非適用 第32表 行番号2 列016","派生項目の入力IDはこの表を再参照。原値IDはinput-values.csvとsources.csvで照合。原表行の位置はsource-records.csv"
"opexComponent","維持管理費分（千円/年）","原値","opexComponent","input-values.csv の同じ行識別子・項目IDを転記","原資料の欠損記号・空欄は算定用CSVでは空欄。実際の0は0。法非適用の第20/21表内訳は対象外","opexComponent: 法適用 第32表 行番号1 列044 / opexComponent: 法非適用 第32表 行番号1 列044","派生項目の入力IDはこの表を再参照。原値IDはinput-values.csvとsources.csvで照合。原表行の位置はsource-records.csv"
"capitalCostComponent","資本費分（千円/年）","原値","capitalCostComponent","input-values.csv の同じ行識別子・項目IDを転記","原資料の欠損記号・空欄は算定用CSVでは空欄。実際の0は0。法非適用の第20/21表内訳は対象外","capitalCostComponent: 法適用 第32表 行番号2 列008 / capitalCostComponent: 法非適用 第32表 行番号2 列008","派生項目の入力IDはこの表を再参照。原値IDはinput-values.csvとsources.csvで照合。原表行の位置はsource-records.csv"
"expenseRecoveryRate","経費回収率（%）","算定","sewerFeeRevenue | wastewaterTreatmentCost","sewerFeeRevenue × 100 ÷ wastewaterTreatmentCost","分子が0以上・分母が正の有限値の場合のみ。欠損・負の分子・0以下の分母は空欄。小数第4位まで丸める。原表の税区分を保持（法適用は税抜、法非適用は税込）。税区分を統一した単価比較ではない","sewerFeeRevenue: 法適用 第20表 行番号1 列003 / sewerFeeRevenue: 法非適用 第26表 行番号1 列003 / wastewaterTreatmentCost: 法適用 第32表 行番号2 列016 / wastewaterTreatmentCost: 法非適用 第32表 行番号2 列016","派生項目の入力IDはこの表を再参照。原値IDはinput-values.csvとsources.csvで照合。原表行の位置はsource-records.csv"
"feeUnitPrice","使用料単価（円/m³）","算定","sewerFeeRevenue | annualBillableVolume","sewerFeeRevenue × 1000 ÷ annualBillableVolume","分子が0以上・分母が正の有限値の場合のみ。欠損・負の分子・0以下の分母は空欄。小数第4位まで丸める。原表の税区分を保持（法適用は税抜、法非適用は税込）。税区分を統一した単価比較ではない","sewerFeeRevenue: 法適用 第20表 行番号1 列003 / sewerFeeRevenue: 法非適用 第26表 行番号1 列003 / annualBillableVolume: 法適用 第10表 行番号1 列052 / annualBillableVolume: 法非適用 第10表 行番号1 列052","派生項目の入力IDはこの表を再参照。原値IDはinput-values.csvとsources.csvで照合。原表行の位置はsource-records.csv"
"treatmentCost","汚水処理原価（円/m³）","算定","wastewaterTreatmentCost | annualBillableVolume","wastewaterTreatmentCost × 1000 ÷ annualBillableVolume","分子が0以上・分母が正の有限値の場合のみ。欠損・負の分子・0以下の分母は空欄。小数第4位まで丸める。原表の税区分を保持（法適用は税抜、法非適用は税込）。税区分を統一した単価比較ではない","wastewaterTreatmentCost: 法適用 第32表 行番号2 列016 / wastewaterTreatmentCost: 法非適用 第32表 行番号2 列016 / annualBillableVolume: 法適用 第10表 行番号1 列052 / annualBillableVolume: 法非適用 第10表 行番号1 列052","派生項目の入力IDはこの表を再参照。原値IDはinput-values.csvとsources.csvで照合。原表行の位置はsource-records.csv"
"operating_expense","営業費用（千円/年）","原値","operating_expense","input-values.csv の同じ行識別子・項目IDを転記","原資料の欠損記号・空欄は算定用CSVでは空欄。実際の0は0。法非適用の第20/21表内訳は対象外","operating_expense: 法適用 第20表 行番号1 列026","派生項目の入力IDはこの表を再参照。原値IDはinput-values.csvとsources.csvで照合。原表行の位置はsource-records.csv"
"total_cost","性質別費用合計（千円/年）","原値","total_cost","input-values.csv の同じ行識別子・項目IDを転記","原資料の欠損記号・空欄は算定用CSVでは空欄。実際の0は0。法非適用の第20/21表内訳は対象外","total_cost: 法適用 第21表 行番号1 列029","派生項目の入力IDはこの表を再参照。原値IDはinput-values.csvとsources.csvで照合。原表行の位置はsource-records.csv"
"comparisonEligible","費用比較対象","識別・状態","","法適用・正の年間有収水量・都道府県識別可。費目の欠損はさらに個別除外","原資料の年度・団体・事業・会計を保持。異年度補完なし","","派生項目の入力IDはこの表を再参照。原値IDはinput-values.csvとsources.csvで照合。原表行の位置はsource-records.csv"
"exclusionReason","費用比較対象外理由","識別・状態","","法非適用または水量不足など。未確認をなしとしない","原資料の年度・団体・事業・会計を保持。異年度補完なし","","派生項目の入力IDはこの表を再参照。原値IDはinput-values.csvとsources.csvで照合。原表行の位置はsource-records.csv"
"maintenance_annual","維持管理費分：年額（千円/年）","算定","opexComponent","opexComponent","全入力が存在するときだけ合計。欠損を0にしない。原資料の負値は保持","opexComponent: 法適用 第32表 行番号1 列044 / opexComponent: 法非適用 第32表 行番号1 列044","派生項目の入力IDはこの表を再参照。原値IDはinput-values.csvとsources.csvで照合。原表行の位置はsource-records.csv"
"maintenance_unit","維持管理費分：単位費用（円/m³）","算定","maintenance_annual | annualBillableVolume","maintenance_annual × 1000 ÷ annualBillableVolume","年額が0以上・水量が正の場合のみ。欠損・負の年額・0以下の水量は空欄。丸めなし","annualBillableVolume: 法適用 第10表 行番号1 列052 / annualBillableVolume: 法非適用 第10表 行番号1 列052","派生項目の入力IDはこの表を再参照。原値IDはinput-values.csvとsources.csvで照合。原表行の位置はsource-records.csv"
"maintenance_share","維持管理費分：構成比（%）","算定","maintenance_annual | wastewaterTreatmentCost","maintenance_annual ÷ wastewaterTreatmentCost × 100","年額が0以上・分母が正の場合のみ。その他は空欄。丸めなし。目的別と性質別は合算不可","wastewaterTreatmentCost: 法適用 第32表 行番号2 列016 / wastewaterTreatmentCost: 法非適用 第32表 行番号2 列016","派生項目の入力IDはこの表を再参照。原値IDはinput-values.csvとsources.csvで照合。原表行の位置はsource-records.csv"
"maintenance_median","維持管理費分：県内中央値（円/m³）","算定","maintenance_unit | prefectureCode | comparisonEligible","MEDIAN(比較対象の maintenance_unit)","同県・2020年度・公共下水道・法適用・年間有収水量が正・当該単位費用が有限の事業会計を各1票（自事業を含む）。自身が比較対象外・比較件数0なら空欄","","派生項目の入力IDはこの表を再参照。原値IDはinput-values.csvとsources.csvで照合。原表行の位置はsource-records.csv"
"maintenance_difference","維持管理費分：県内中央値との差（円/m³）","算定","maintenance_unit | maintenance_median","maintenance_unit − maintenance_median","自身が比較対象・単位費用と中央値が両方存在する場合のみ。その他は空欄。平均との差ではない","","派生項目の入力IDはこの表を再参照。原値IDはinput-values.csvとsources.csvで照合。原表行の位置はsource-records.csv"
"maintenance_count","維持管理費分：県内比較件数","算定","maintenance_unit | prefectureCode | comparisonEligible","COUNT(比較対象の maintenance_unit)","同県・2020年度・公共下水道・法適用・年間有収水量が正・当該単位費用が有限の事業会計を各1票（自事業を含む）。自身が対象外でも県内の比較可能件数を表示。母集団0件は実数0","","派生項目の入力IDはこの表を再参照。原値IDはinput-values.csvとsources.csvで照合。原表行の位置はsource-records.csv"
"maintenance_state","維持管理費分：状態","状態","opexComponent | annualBillableVolume | accountingType","適用範囲 → 原値欠損 → 負値 → 水量不足 → 収録の順に判定","収録／原資料欠損／水量不足／法非適用のため費用内訳対象外／負値のため算定不可","opexComponent: 法適用 第32表 行番号1 列044 / opexComponent: 法非適用 第32表 行番号1 列044 / annualBillableVolume: 法適用 第10表 行番号1 列052 / annualBillableVolume: 法非適用 第10表 行番号1 列052","派生項目の入力IDはこの表を再参照。原値IDはinput-values.csvとsources.csvで照合。原表行の位置はsource-records.csv"
"capital_annual","資本費分：年額（千円/年）","算定","capitalCostComponent","capitalCostComponent","全入力が存在するときだけ合計。欠損を0にしない。原資料の負値は保持","capitalCostComponent: 法適用 第32表 行番号2 列008 / capitalCostComponent: 法非適用 第32表 行番号2 列008","派生項目の入力IDはこの表を再参照。原値IDはinput-values.csvとsources.csvで照合。原表行の位置はsource-records.csv"
"capital_unit","資本費分：単位費用（円/m³）","算定","capital_annual | annualBillableVolume","capital_annual × 1000 ÷ annualBillableVolume","年額が0以上・水量が正の場合のみ。欠損・負の年額・0以下の水量は空欄。丸めなし","annualBillableVolume: 法適用 第10表 行番号1 列052 / annualBillableVolume: 法非適用 第10表 行番号1 列052","派生項目の入力IDはこの表を再参照。原値IDはinput-values.csvとsources.csvで照合。原表行の位置はsource-records.csv"
"capital_share","資本費分：構成比（%）","算定","capital_annual | wastewaterTreatmentCost","capital_annual ÷ wastewaterTreatmentCost × 100","年額が0以上・分母が正の場合のみ。その他は空欄。丸めなし。目的別と性質別は合算不可","wastewaterTreatmentCost: 法適用 第32表 行番号2 列016 / wastewaterTreatmentCost: 法非適用 第32表 行番号2 列016","派生項目の入力IDはこの表を再参照。原値IDはinput-values.csvとsources.csvで照合。原表行の位置はsource-records.csv"
"capital_median","資本費分：県内中央値（円/m³）","算定","capital_unit | prefectureCode | comparisonEligible","MEDIAN(比較対象の capital_unit)","同県・2020年度・公共下水道・法適用・年間有収水量が正・当該単位費用が有限の事業会計を各1票（自事業を含む）。自身が比較対象外・比較件数0なら空欄","","派生項目の入力IDはこの表を再参照。原値IDはinput-values.csvとsources.csvで照合。原表行の位置はsource-records.csv"
"capital_difference","資本費分：県内中央値との差（円/m³）","算定","capital_unit | capital_median","capital_unit − capital_median","自身が比較対象・単位費用と中央値が両方存在する場合のみ。その他は空欄。平均との差ではない","","派生項目の入力IDはこの表を再参照。原値IDはinput-values.csvとsources.csvで照合。原表行の位置はsource-records.csv"
"capital_count","資本費分：県内比較件数","算定","capital_unit | prefectureCode | comparisonEligible","COUNT(比較対象の capital_unit)","同県・2020年度・公共下水道・法適用・年間有収水量が正・当該単位費用が有限の事業会計を各1票（自事業を含む）。自身が対象外でも県内の比較可能件数を表示。母集団0件は実数0","","派生項目の入力IDはこの表を再参照。原値IDはinput-values.csvとsources.csvで照合。原表行の位置はsource-records.csv"
"capital_state","資本費分：状態","状態","capitalCostComponent | annualBillableVolume | accountingType","適用範囲 → 原値欠損 → 負値 → 水量不足 → 収録の順に判定","収録／原資料欠損／水量不足／法非適用のため費用内訳対象外／負値のため算定不可","capitalCostComponent: 法適用 第32表 行番号2 列008 / capitalCostComponent: 法非適用 第32表 行番号2 列008 / annualBillableVolume: 法適用 第10表 行番号1 列052 / annualBillableVolume: 法非適用 第10表 行番号1 列052","派生項目の入力IDはこの表を再参照。原値IDはinput-values.csvとsources.csvで照合。原表行の位置はsource-records.csv"
"purpose_pipeline_annual","管渠費：年額（千円/年）","算定","pipeline_expense","pipeline_expense","全入力が存在するときだけ合計。欠損を0にしない。原資料の負値は保持。費用内訳の算定は法適用のみ","pipeline_expense: 法適用 第20表 行番号1 列027","派生項目の入力IDはこの表を再参照。原値IDはinput-values.csvとsources.csvで照合。原表行の位置はsource-records.csv"
"purpose_pipeline_unit","管渠費：単位費用（円/m³）","算定","purpose_pipeline_annual | annualBillableVolume","purpose_pipeline_annual × 1000 ÷ annualBillableVolume","年額が0以上・水量が正の場合のみ。欠損・負の年額・0以下の水量は空欄。丸めなし。費用内訳の算定は法適用のみ","annualBillableVolume: 法適用 第10表 行番号1 列052 / annualBillableVolume: 法非適用 第10表 行番号1 列052","派生項目の入力IDはこの表を再参照。原値IDはinput-values.csvとsources.csvで照合。原表行の位置はsource-records.csv"
"purpose_pipeline_share","管渠費：構成比（%）","算定","purpose_pipeline_annual | operating_expense","purpose_pipeline_annual ÷ operating_expense × 100","年額が0以上・分母が正の場合のみ。その他は空欄。丸めなし。目的別と性質別は合算不可。費用内訳の算定は法適用のみ","operating_expense: 法適用 第20表 行番号1 列026","派生項目の入力IDはこの表を再参照。原値IDはinput-values.csvとsources.csvで照合。原表行の位置はsource-records.csv"
"purpose_pipeline_median","管渠費：県内中央値（円/m³）","算定","purpose_pipeline_unit | prefectureCode | comparisonEligible","MEDIAN(比較対象の purpose_pipeline_unit)","同県・2020年度・公共下水道・法適用・年間有収水量が正・当該単位費用が有限の事業会計を各1票（自事業を含む）。自身が比較対象外・比較件数0なら空欄。費用内訳の算定は法適用のみ","","派生項目の入力IDはこの表を再参照。原値IDはinput-values.csvとsources.csvで照合。原表行の位置はsource-records.csv"
"purpose_pipeline_difference","管渠費：県内中央値との差（円/m³）","算定","purpose_pipeline_unit | purpose_pipeline_median","purpose_pipeline_unit − purpose_pipeline_median","自身が比較対象・単位費用と中央値が両方存在する場合のみ。その他は空欄。平均との差ではない。費用内訳の算定は法適用のみ","","派生項目の入力IDはこの表を再参照。原値IDはinput-values.csvとsources.csvで照合。原表行の位置はsource-records.csv"
"purpose_pipeline_count","管渠費：県内比較件数","算定","purpose_pipeline_unit | prefectureCode | comparisonEligible","COUNT(比較対象の purpose_pipeline_unit)","同県・2020年度・公共下水道・法適用・年間有収水量が正・当該単位費用が有限の事業会計を各1票（自事業を含む）。自身が対象外でも県内の比較可能件数を表示。母集団0件は実数0。費用内訳の算定は法適用のみ","","派生項目の入力IDはこの表を再参照。原値IDはinput-values.csvとsources.csvで照合。原表行の位置はsource-records.csv"
"purpose_pipeline_state","管渠費：状態","状態","pipeline_expense | annualBillableVolume | accountingType","適用範囲 → 原値欠損 → 負値 → 水量不足 → 収録の順に判定","収録／原資料欠損／水量不足／法非適用のため費用内訳対象外／負値のため算定不可。費用内訳の算定は法適用のみ","pipeline_expense: 法適用 第20表 行番号1 列027 / annualBillableVolume: 法適用 第10表 行番号1 列052 / annualBillableVolume: 法非適用 第10表 行番号1 列052","派生項目の入力IDはこの表を再参照。原値IDはinput-values.csvとsources.csvで照合。原表行の位置はsource-records.csv"
"purpose_pump-station_annual","ポンプ場費：年額（千円/年）","算定","pump_station_expense","pump_station_expense","全入力が存在するときだけ合計。欠損を0にしない。原資料の負値は保持。費用内訳の算定は法適用のみ","pump_station_expense: 法適用 第20表 行番号1 列028","派生項目の入力IDはこの表を再参照。原値IDはinput-values.csvとsources.csvで照合。原表行の位置はsource-records.csv"
"purpose_pump-station_unit","ポンプ場費：単位費用（円/m³）","算定","purpose_pump-station_annual | annualBillableVolume","purpose_pump-station_annual × 1000 ÷ annualBillableVolume","年額が0以上・水量が正の場合のみ。欠損・負の年額・0以下の水量は空欄。丸めなし。費用内訳の算定は法適用のみ","annualBillableVolume: 法適用 第10表 行番号1 列052 / annualBillableVolume: 法非適用 第10表 行番号1 列052","派生項目の入力IDはこの表を再参照。原値IDはinput-values.csvとsources.csvで照合。原表行の位置はsource-records.csv"
"purpose_pump-station_share","ポンプ場費：構成比（%）","算定","purpose_pump-station_annual | operating_expense","purpose_pump-station_annual ÷ operating_expense × 100","年額が0以上・分母が正の場合のみ。その他は空欄。丸めなし。目的別と性質別は合算不可。費用内訳の算定は法適用のみ","operating_expense: 法適用 第20表 行番号1 列026","派生項目の入力IDはこの表を再参照。原値IDはinput-values.csvとsources.csvで照合。原表行の位置はsource-records.csv"
"purpose_pump-station_median","ポンプ場費：県内中央値（円/m³）","算定","purpose_pump-station_unit | prefectureCode | comparisonEligible","MEDIAN(比較対象の purpose_pump-station_unit)","同県・2020年度・公共下水道・法適用・年間有収水量が正・当該単位費用が有限の事業会計を各1票（自事業を含む）。自身が比較対象外・比較件数0なら空欄。費用内訳の算定は法適用のみ","","派生項目の入力IDはこの表を再参照。原値IDはinput-values.csvとsources.csvで照合。原表行の位置はsource-records.csv"
"purpose_pump-station_difference","ポンプ場費：県内中央値との差（円/m³）","算定","purpose_pump-station_unit | purpose_pump-station_median","purpose_pump-station_unit − purpose_pump-station_median","自身が比較対象・単位費用と中央値が両方存在する場合のみ。その他は空欄。平均との差ではない。費用内訳の算定は法適用のみ","","派生項目の入力IDはこの表を再参照。原値IDはinput-values.csvとsources.csvで照合。原表行の位置はsource-records.csv"
"purpose_pump-station_count","ポンプ場費：県内比較件数","算定","purpose_pump-station_unit | prefectureCode | comparisonEligible","COUNT(比較対象の purpose_pump-station_unit)","同県・2020年度・公共下水道・法適用・年間有収水量が正・当該単位費用が有限の事業会計を各1票（自事業を含む）。自身が対象外でも県内の比較可能件数を表示。母集団0件は実数0。費用内訳の算定は法適用のみ","","派生項目の入力IDはこの表を再参照。原値IDはinput-values.csvとsources.csvで照合。原表行の位置はsource-records.csv"
"purpose_pump-station_state","ポンプ場費：状態","状態","pump_station_expense | annualBillableVolume | accountingType","適用範囲 → 原値欠損 → 負値 → 水量不足 → 収録の順に判定","収録／原資料欠損／水量不足／法非適用のため費用内訳対象外／負値のため算定不可。費用内訳の算定は法適用のみ","pump_station_expense: 法適用 第20表 行番号1 列028 / annualBillableVolume: 法適用 第10表 行番号1 列052 / annualBillableVolume: 法非適用 第10表 行番号1 列052","派生項目の入力IDはこの表を再参照。原値IDはinput-values.csvとsources.csvで照合。原表行の位置はsource-records.csv"
"purpose_treatment-plant_annual","処理場費：年額（千円/年）","算定","treatment_plant_expense","treatment_plant_expense","全入力が存在するときだけ合計。欠損を0にしない。原資料の負値は保持。費用内訳の算定は法適用のみ","treatment_plant_expense: 法適用 第20表 行番号1 列029","派生項目の入力IDはこの表を再参照。原値IDはinput-values.csvとsources.csvで照合。原表行の位置はsource-records.csv"
"purpose_treatment-plant_unit","処理場費：単位費用（円/m³）","算定","purpose_treatment-plant_annual | annualBillableVolume","purpose_treatment-plant_annual × 1000 ÷ annualBillableVolume","年額が0以上・水量が正の場合のみ。欠損・負の年額・0以下の水量は空欄。丸めなし。費用内訳の算定は法適用のみ","annualBillableVolume: 法適用 第10表 行番号1 列052 / annualBillableVolume: 法非適用 第10表 行番号1 列052","派生項目の入力IDはこの表を再参照。原値IDはinput-values.csvとsources.csvで照合。原表行の位置はsource-records.csv"
"purpose_treatment-plant_share","処理場費：構成比（%）","算定","purpose_treatment-plant_annual | operating_expense","purpose_treatment-plant_annual ÷ operating_expense × 100","年額が0以上・分母が正の場合のみ。その他は空欄。丸めなし。目的別と性質別は合算不可。費用内訳の算定は法適用のみ","operating_expense: 法適用 第20表 行番号1 列026","派生項目の入力IDはこの表を再参照。原値IDはinput-values.csvとsources.csvで照合。原表行の位置はsource-records.csv"
"purpose_treatment-plant_median","処理場費：県内中央値（円/m³）","算定","purpose_treatment-plant_unit | prefectureCode | comparisonEligible","MEDIAN(比較対象の purpose_treatment-plant_unit)","同県・2020年度・公共下水道・法適用・年間有収水量が正・当該単位費用が有限の事業会計を各1票（自事業を含む）。自身が比較対象外・比較件数0なら空欄。費用内訳の算定は法適用のみ","","派生項目の入力IDはこの表を再参照。原値IDはinput-values.csvとsources.csvで照合。原表行の位置はsource-records.csv"
"purpose_treatment-plant_difference","処理場費：県内中央値との差（円/m³）","算定","purpose_treatment-plant_unit | purpose_treatment-plant_median","purpose_treatment-plant_unit − purpose_treatment-plant_median","自身が比較対象・単位費用と中央値が両方存在する場合のみ。その他は空欄。平均との差ではない。費用内訳の算定は法適用のみ","","派生項目の入力IDはこの表を再参照。原値IDはinput-values.csvとsources.csvで照合。原表行の位置はsource-records.csv"
"purpose_treatment-plant_count","処理場費：県内比較件数","算定","purpose_treatment-plant_unit | prefectureCode | comparisonEligible","COUNT(比較対象の purpose_treatment-plant_unit)","同県・2020年度・公共下水道・法適用・年間有収水量が正・当該単位費用が有限の事業会計を各1票（自事業を含む）。自身が対象外でも県内の比較可能件数を表示。母集団0件は実数0。費用内訳の算定は法適用のみ","","派生項目の入力IDはこの表を再参照。原値IDはinput-values.csvとsources.csvで照合。原表行の位置はsource-records.csv"
"purpose_treatment-plant_state","処理場費：状態","状態","treatment_plant_expense | annualBillableVolume | accountingType","適用範囲 → 原値欠損 → 負値 → 水量不足 → 収録の順に判定","収録／原資料欠損／水量不足／法非適用のため費用内訳対象外／負値のため算定不可。費用内訳の算定は法適用のみ","treatment_plant_expense: 法適用 第20表 行番号1 列029 / annualBillableVolume: 法適用 第10表 行番号1 列052 / annualBillableVolume: 法非適用 第10表 行番号1 列052","派生項目の入力IDはこの表を再参照。原値IDはinput-values.csvとsources.csvで照合。原表行の位置はsource-records.csv"
"purpose_general-management_annual","業務費・総係費（一般管理）：年額（千円/年）","算定","business_expense | general_administration_expense","business_expense ＋ general_administration_expense","全入力が存在するときだけ合計。欠損を0にしない。原資料の負値は保持。費用内訳の算定は法適用のみ","business_expense: 法適用 第20表 行番号1 列034 / general_administration_expense: 法適用 第20表 行番号1 列035","派生項目の入力IDはこの表を再参照。原値IDはinput-values.csvとsources.csvで照合。原表行の位置はsource-records.csv"
"purpose_general-management_unit","業務費・総係費（一般管理）：単位費用（円/m³）","算定","purpose_general-management_annual | annualBillableVolume","purpose_general-management_annual × 1000 ÷ annualBillableVolume","年額が0以上・水量が正の場合のみ。欠損・負の年額・0以下の水量は空欄。丸めなし。費用内訳の算定は法適用のみ","annualBillableVolume: 法適用 第10表 行番号1 列052 / annualBillableVolume: 法非適用 第10表 行番号1 列052","派生項目の入力IDはこの表を再参照。原値IDはinput-values.csvとsources.csvで照合。原表行の位置はsource-records.csv"
"purpose_general-management_share","業務費・総係費（一般管理）：構成比（%）","算定","purpose_general-management_annual | operating_expense","purpose_general-management_annual ÷ operating_expense × 100","年額が0以上・分母が正の場合のみ。その他は空欄。丸めなし。目的別と性質別は合算不可。費用内訳の算定は法適用のみ","operating_expense: 法適用 第20表 行番号1 列026","派生項目の入力IDはこの表を再参照。原値IDはinput-values.csvとsources.csvで照合。原表行の位置はsource-records.csv"
"purpose_general-management_median","業務費・総係費（一般管理）：県内中央値（円/m³）","算定","purpose_general-management_unit | prefectureCode | comparisonEligible","MEDIAN(比較対象の purpose_general-management_unit)","同県・2020年度・公共下水道・法適用・年間有収水量が正・当該単位費用が有限の事業会計を各1票（自事業を含む）。自身が比較対象外・比較件数0なら空欄。費用内訳の算定は法適用のみ","","派生項目の入力IDはこの表を再参照。原値IDはinput-values.csvとsources.csvで照合。原表行の位置はsource-records.csv"
"purpose_general-management_difference","業務費・総係費（一般管理）：県内中央値との差（円/m³）","算定","purpose_general-management_unit | purpose_general-management_median","purpose_general-management_unit − purpose_general-management_median","自身が比較対象・単位費用と中央値が両方存在する場合のみ。その他は空欄。平均との差ではない。費用内訳の算定は法適用のみ","","派生項目の入力IDはこの表を再参照。原値IDはinput-values.csvとsources.csvで照合。原表行の位置はsource-records.csv"
"purpose_general-management_count","業務費・総係費（一般管理）：県内比較件数","算定","purpose_general-management_unit | prefectureCode | comparisonEligible","COUNT(比較対象の purpose_general-management_unit)","同県・2020年度・公共下水道・法適用・年間有収水量が正・当該単位費用が有限の事業会計を各1票（自事業を含む）。自身が対象外でも県内の比較可能件数を表示。母集団0件は実数0。費用内訳の算定は法適用のみ","","派生項目の入力IDはこの表を再参照。原値IDはinput-values.csvとsources.csvで照合。原表行の位置はsource-records.csv"
"purpose_general-management_state","業務費・総係費（一般管理）：状態","状態","business_expense | general_administration_expense | annualBillableVolume | accountingType","適用範囲 → 原値欠損 → 負値 → 水量不足 → 収録の順に判定","収録／原資料欠損／水量不足／法非適用のため費用内訳対象外／負値のため算定不可。費用内訳の算定は法適用のみ","business_expense: 法適用 第20表 行番号1 列034 / general_administration_expense: 法適用 第20表 行番号1 列035 / annualBillableVolume: 法適用 第10表 行番号1 列052 / annualBillableVolume: 法非適用 第10表 行番号1 列052","派生項目の入力IDはこの表を再参照。原値IDはinput-values.csvとsources.csvで照合。原表行の位置はsource-records.csv"
"purpose_business_annual","業務費：年額（千円/年）","算定","business_expense","business_expense","全入力が存在するときだけ合計。欠損を0にしない。原資料の負値は保持。費用内訳の算定は法適用のみ","business_expense: 法適用 第20表 行番号1 列034","派生項目の入力IDはこの表を再参照。原値IDはinput-values.csvとsources.csvで照合。原表行の位置はsource-records.csv"
"purpose_business_unit","業務費：単位費用（円/m³）","算定","purpose_business_annual | annualBillableVolume","purpose_business_annual × 1000 ÷ annualBillableVolume","年額が0以上・水量が正の場合のみ。欠損・負の年額・0以下の水量は空欄。丸めなし。費用内訳の算定は法適用のみ","annualBillableVolume: 法適用 第10表 行番号1 列052 / annualBillableVolume: 法非適用 第10表 行番号1 列052","派生項目の入力IDはこの表を再参照。原値IDはinput-values.csvとsources.csvで照合。原表行の位置はsource-records.csv"
"purpose_business_share","業務費：構成比（%）","算定","purpose_business_annual | operating_expense","purpose_business_annual ÷ operating_expense × 100","年額が0以上・分母が正の場合のみ。その他は空欄。丸めなし。目的別と性質別は合算不可。費用内訳の算定は法適用のみ","operating_expense: 法適用 第20表 行番号1 列026","派生項目の入力IDはこの表を再参照。原値IDはinput-values.csvとsources.csvで照合。原表行の位置はsource-records.csv"
"purpose_business_median","業務費：県内中央値（円/m³）","算定","purpose_business_unit | prefectureCode | comparisonEligible","MEDIAN(比較対象の purpose_business_unit)","同県・2020年度・公共下水道・法適用・年間有収水量が正・当該単位費用が有限の事業会計を各1票（自事業を含む）。自身が比較対象外・比較件数0なら空欄。費用内訳の算定は法適用のみ","","派生項目の入力IDはこの表を再参照。原値IDはinput-values.csvとsources.csvで照合。原表行の位置はsource-records.csv"
"purpose_business_difference","業務費：県内中央値との差（円/m³）","算定","purpose_business_unit | purpose_business_median","purpose_business_unit − purpose_business_median","自身が比較対象・単位費用と中央値が両方存在する場合のみ。その他は空欄。平均との差ではない。費用内訳の算定は法適用のみ","","派生項目の入力IDはこの表を再参照。原値IDはinput-values.csvとsources.csvで照合。原表行の位置はsource-records.csv"
"purpose_business_count","業務費：県内比較件数","算定","purpose_business_unit | prefectureCode | comparisonEligible","COUNT(比較対象の purpose_business_unit)","同県・2020年度・公共下水道・法適用・年間有収水量が正・当該単位費用が有限の事業会計を各1票（自事業を含む）。自身が対象外でも県内の比較可能件数を表示。母集団0件は実数0。費用内訳の算定は法適用のみ","","派生項目の入力IDはこの表を再参照。原値IDはinput-values.csvとsources.csvで照合。原表行の位置はsource-records.csv"
"purpose_business_state","業務費：状態","状態","business_expense | annualBillableVolume | accountingType","適用範囲 → 原値欠損 → 負値 → 水量不足 → 収録の順に判定","収録／原資料欠損／水量不足／法非適用のため費用内訳対象外／負値のため算定不可。費用内訳の算定は法適用のみ","business_expense: 法適用 第20表 行番号1 列034 / annualBillableVolume: 法適用 第10表 行番号1 列052 / annualBillableVolume: 法非適用 第10表 行番号1 列052","派生項目の入力IDはこの表を再参照。原値IDはinput-values.csvとsources.csvで照合。原表行の位置はsource-records.csv"
"purpose_general_annual","総係費：年額（千円/年）","算定","general_administration_expense","general_administration_expense","全入力が存在するときだけ合計。欠損を0にしない。原資料の負値は保持。費用内訳の算定は法適用のみ","general_administration_expense: 法適用 第20表 行番号1 列035","派生項目の入力IDはこの表を再参照。原値IDはinput-values.csvとsources.csvで照合。原表行の位置はsource-records.csv"
"purpose_general_unit","総係費：単位費用（円/m³）","算定","purpose_general_annual | annualBillableVolume","purpose_general_annual × 1000 ÷ annualBillableVolume","年額が0以上・水量が正の場合のみ。欠損・負の年額・0以下の水量は空欄。丸めなし。費用内訳の算定は法適用のみ","annualBillableVolume: 法適用 第10表 行番号1 列052 / annualBillableVolume: 法非適用 第10表 行番号1 列052","派生項目の入力IDはこの表を再参照。原値IDはinput-values.csvとsources.csvで照合。原表行の位置はsource-records.csv"
"purpose_general_share","総係費：構成比（%）","算定","purpose_general_annual | operating_expense","purpose_general_annual ÷ operating_expense × 100","年額が0以上・分母が正の場合のみ。その他は空欄。丸めなし。目的別と性質別は合算不可。費用内訳の算定は法適用のみ","operating_expense: 法適用 第20表 行番号1 列026","派生項目の入力IDはこの表を再参照。原値IDはinput-values.csvとsources.csvで照合。原表行の位置はsource-records.csv"
"purpose_general_median","総係費：県内中央値（円/m³）","算定","purpose_general_unit | prefectureCode | comparisonEligible","MEDIAN(比較対象の purpose_general_unit)","同県・2020年度・公共下水道・法適用・年間有収水量が正・当該単位費用が有限の事業会計を各1票（自事業を含む）。自身が比較対象外・比較件数0なら空欄。費用内訳の算定は法適用のみ","","派生項目の入力IDはこの表を再参照。原値IDはinput-values.csvとsources.csvで照合。原表行の位置はsource-records.csv"
"purpose_general_difference","総係費：県内中央値との差（円/m³）","算定","purpose_general_unit | purpose_general_median","purpose_general_unit − purpose_general_median","自身が比較対象・単位費用と中央値が両方存在する場合のみ。その他は空欄。平均との差ではない。費用内訳の算定は法適用のみ","","派生項目の入力IDはこの表を再参照。原値IDはinput-values.csvとsources.csvで照合。原表行の位置はsource-records.csv"
"purpose_general_count","総係費：県内比較件数","算定","purpose_general_unit | prefectureCode | comparisonEligible","COUNT(比較対象の purpose_general_unit)","同県・2020年度・公共下水道・法適用・年間有収水量が正・当該単位費用が有限の事業会計を各1票（自事業を含む）。自身が対象外でも県内の比較可能件数を表示。母集団0件は実数0。費用内訳の算定は法適用のみ","","派生項目の入力IDはこの表を再参照。原値IDはinput-values.csvとsources.csvで照合。原表行の位置はsource-records.csv"
"purpose_general_state","総係費：状態","状態","general_administration_expense | annualBillableVolume | accountingType","適用範囲 → 原値欠損 → 負値 → 水量不足 → 収録の順に判定","収録／原資料欠損／水量不足／法非適用のため費用内訳対象外／負値のため算定不可。費用内訳の算定は法適用のみ","general_administration_expense: 法適用 第20表 行番号1 列035 / annualBillableVolume: 法適用 第10表 行番号1 列052 / annualBillableVolume: 法非適用 第10表 行番号1 列052","派生項目の入力IDはこの表を再参照。原値IDはinput-values.csvとsources.csvで照合。原表行の位置はsource-records.csv"
"nature_personnel_annual","職員給与費：年額（千円/年）","算定","personnel_cost_total","personnel_cost_total","全入力が存在するときだけ合計。欠損を0にしない。原資料の負値は保持。費用内訳の算定は法適用のみ","personnel_cost_total: 法適用 第21表 行番号1 列006","派生項目の入力IDはこの表を再参照。原値IDはinput-values.csvとsources.csvで照合。原表行の位置はsource-records.csv"
"nature_personnel_unit","職員給与費：単位費用（円/m³）","算定","nature_personnel_annual | annualBillableVolume","nature_personnel_annual × 1000 ÷ annualBillableVolume","年額が0以上・水量が正の場合のみ。欠損・負の年額・0以下の水量は空欄。丸めなし。費用内訳の算定は法適用のみ","annualBillableVolume: 法適用 第10表 行番号1 列052 / annualBillableVolume: 法非適用 第10表 行番号1 列052","派生項目の入力IDはこの表を再参照。原値IDはinput-values.csvとsources.csvで照合。原表行の位置はsource-records.csv"
"nature_personnel_share","職員給与費：構成比（%）","算定","nature_personnel_annual | total_cost","nature_personnel_annual ÷ total_cost × 100","年額が0以上・分母が正の場合のみ。その他は空欄。丸めなし。目的別と性質別は合算不可。費用内訳の算定は法適用のみ","total_cost: 法適用 第21表 行番号1 列029","派生項目の入力IDはこの表を再参照。原値IDはinput-values.csvとsources.csvで照合。原表行の位置はsource-records.csv"
"nature_personnel_median","職員給与費：県内中央値（円/m³）","算定","nature_personnel_unit | prefectureCode | comparisonEligible","MEDIAN(比較対象の nature_personnel_unit)","同県・2020年度・公共下水道・法適用・年間有収水量が正・当該単位費用が有限の事業会計を各1票（自事業を含む）。自身が比較対象外・比較件数0なら空欄。費用内訳の算定は法適用のみ","","派生項目の入力IDはこの表を再参照。原値IDはinput-values.csvとsources.csvで照合。原表行の位置はsource-records.csv"
"nature_personnel_difference","職員給与費：県内中央値との差（円/m³）","算定","nature_personnel_unit | nature_personnel_median","nature_personnel_unit − nature_personnel_median","自身が比較対象・単位費用と中央値が両方存在する場合のみ。その他は空欄。平均との差ではない。費用内訳の算定は法適用のみ","","派生項目の入力IDはこの表を再参照。原値IDはinput-values.csvとsources.csvで照合。原表行の位置はsource-records.csv"
"nature_personnel_count","職員給与費：県内比較件数","算定","nature_personnel_unit | prefectureCode | comparisonEligible","COUNT(比較対象の nature_personnel_unit)","同県・2020年度・公共下水道・法適用・年間有収水量が正・当該単位費用が有限の事業会計を各1票（自事業を含む）。自身が対象外でも県内の比較可能件数を表示。母集団0件は実数0。費用内訳の算定は法適用のみ","","派生項目の入力IDはこの表を再参照。原値IDはinput-values.csvとsources.csvで照合。原表行の位置はsource-records.csv"
"nature_personnel_state","職員給与費：状態","状態","personnel_cost_total | annualBillableVolume | accountingType","適用範囲 → 原値欠損 → 負値 → 水量不足 → 収録の順に判定","収録／原資料欠損／水量不足／法非適用のため費用内訳対象外／負値のため算定不可。費用内訳の算定は法適用のみ","personnel_cost_total: 法適用 第21表 行番号1 列006 / annualBillableVolume: 法適用 第10表 行番号1 列052 / annualBillableVolume: 法非適用 第10表 行番号1 列052","派生項目の入力IDはこの表を再参照。原値IDはinput-values.csvとsources.csvで照合。原表行の位置はsource-records.csv"
"nature_interest_annual","支払利息：年額（千円/年）","算定","interest_cost_total","interest_cost_total","全入力が存在するときだけ合計。欠損を0にしない。原資料の負値は保持。費用内訳の算定は法適用のみ","interest_cost_total: 法適用 第21表 行番号1 列007","派生項目の入力IDはこの表を再参照。原値IDはinput-values.csvとsources.csvで照合。原表行の位置はsource-records.csv"
"nature_interest_unit","支払利息：単位費用（円/m³）","算定","nature_interest_annual | annualBillableVolume","nature_interest_annual × 1000 ÷ annualBillableVolume","年額が0以上・水量が正の場合のみ。欠損・負の年額・0以下の水量は空欄。丸めなし。費用内訳の算定は法適用のみ","annualBillableVolume: 法適用 第10表 行番号1 列052 / annualBillableVolume: 法非適用 第10表 行番号1 列052","派生項目の入力IDはこの表を再参照。原値IDはinput-values.csvとsources.csvで照合。原表行の位置はsource-records.csv"
"nature_interest_share","支払利息：構成比（%）","算定","nature_interest_annual | total_cost","nature_interest_annual ÷ total_cost × 100","年額が0以上・分母が正の場合のみ。その他は空欄。丸めなし。目的別と性質別は合算不可。費用内訳の算定は法適用のみ","total_cost: 法適用 第21表 行番号1 列029","派生項目の入力IDはこの表を再参照。原値IDはinput-values.csvとsources.csvで照合。原表行の位置はsource-records.csv"
"nature_interest_median","支払利息：県内中央値（円/m³）","算定","nature_interest_unit | prefectureCode | comparisonEligible","MEDIAN(比較対象の nature_interest_unit)","同県・2020年度・公共下水道・法適用・年間有収水量が正・当該単位費用が有限の事業会計を各1票（自事業を含む）。自身が比較対象外・比較件数0なら空欄。費用内訳の算定は法適用のみ","","派生項目の入力IDはこの表を再参照。原値IDはinput-values.csvとsources.csvで照合。原表行の位置はsource-records.csv"
"nature_interest_difference","支払利息：県内中央値との差（円/m³）","算定","nature_interest_unit | nature_interest_median","nature_interest_unit − nature_interest_median","自身が比較対象・単位費用と中央値が両方存在する場合のみ。その他は空欄。平均との差ではない。費用内訳の算定は法適用のみ","","派生項目の入力IDはこの表を再参照。原値IDはinput-values.csvとsources.csvで照合。原表行の位置はsource-records.csv"
"nature_interest_count","支払利息：県内比較件数","算定","nature_interest_unit | prefectureCode | comparisonEligible","COUNT(比較対象の nature_interest_unit)","同県・2020年度・公共下水道・法適用・年間有収水量が正・当該単位費用が有限の事業会計を各1票（自事業を含む）。自身が対象外でも県内の比較可能件数を表示。母集団0件は実数0。費用内訳の算定は法適用のみ","","派生項目の入力IDはこの表を再参照。原値IDはinput-values.csvとsources.csvで照合。原表行の位置はsource-records.csv"
"nature_interest_state","支払利息：状態","状態","interest_cost_total | annualBillableVolume | accountingType","適用範囲 → 原値欠損 → 負値 → 水量不足 → 収録の順に判定","収録／原資料欠損／水量不足／法非適用のため費用内訳対象外／負値のため算定不可。費用内訳の算定は法適用のみ","interest_cost_total: 法適用 第21表 行番号1 列007 / annualBillableVolume: 法適用 第10表 行番号1 列052 / annualBillableVolume: 法非適用 第10表 行番号1 列052","派生項目の入力IDはこの表を再参照。原値IDはinput-values.csvとsources.csvで照合。原表行の位置はsource-records.csv"
"nature_depreciation_annual","減価償却費：年額（千円/年）","算定","depreciation_cost","depreciation_cost","全入力が存在するときだけ合計。欠損を0にしない。原資料の負値は保持。費用内訳の算定は法適用のみ","depreciation_cost: 法適用 第21表 行番号1 列011","派生項目の入力IDはこの表を再参照。原値IDはinput-values.csvとsources.csvで照合。原表行の位置はsource-records.csv"
"nature_depreciation_unit","減価償却費：単位費用（円/m³）","算定","nature_depreciation_annual | annualBillableVolume","nature_depreciation_annual × 1000 ÷ annualBillableVolume","年額が0以上・水量が正の場合のみ。欠損・負の年額・0以下の水量は空欄。丸めなし。費用内訳の算定は法適用のみ","annualBillableVolume: 法適用 第10表 行番号1 列052 / annualBillableVolume: 法非適用 第10表 行番号1 列052","派生項目の入力IDはこの表を再参照。原値IDはinput-values.csvとsources.csvで照合。原表行の位置はsource-records.csv"
"nature_depreciation_share","減価償却費：構成比（%）","算定","nature_depreciation_annual | total_cost","nature_depreciation_annual ÷ total_cost × 100","年額が0以上・分母が正の場合のみ。その他は空欄。丸めなし。目的別と性質別は合算不可。費用内訳の算定は法適用のみ","total_cost: 法適用 第21表 行番号1 列029","派生項目の入力IDはこの表を再参照。原値IDはinput-values.csvとsources.csvで照合。原表行の位置はsource-records.csv"
"nature_depreciation_median","減価償却費：県内中央値（円/m³）","算定","nature_depreciation_unit | prefectureCode | comparisonEligible","MEDIAN(比較対象の nature_depreciation_unit)","同県・2020年度・公共下水道・法適用・年間有収水量が正・当該単位費用が有限の事業会計を各1票（自事業を含む）。自身が比較対象外・比較件数0なら空欄。費用内訳の算定は法適用のみ","","派生項目の入力IDはこの表を再参照。原値IDはinput-values.csvとsources.csvで照合。原表行の位置はsource-records.csv"
"nature_depreciation_difference","減価償却費：県内中央値との差（円/m³）","算定","nature_depreciation_unit | nature_depreciation_median","nature_depreciation_unit − nature_depreciation_median","自身が比較対象・単位費用と中央値が両方存在する場合のみ。その他は空欄。平均との差ではない。費用内訳の算定は法適用のみ","","派生項目の入力IDはこの表を再参照。原値IDはinput-values.csvとsources.csvで照合。原表行の位置はsource-records.csv"
"nature_depreciation_count","減価償却費：県内比較件数","算定","nature_depreciation_unit | prefectureCode | comparisonEligible","COUNT(比較対象の nature_depreciation_unit)","同県・2020年度・公共下水道・法適用・年間有収水量が正・当該単位費用が有限の事業会計を各1票（自事業を含む）。自身が対象外でも県内の比較可能件数を表示。母集団0件は実数0。費用内訳の算定は法適用のみ","","派生項目の入力IDはこの表を再参照。原値IDはinput-values.csvとsources.csvで照合。原表行の位置はsource-records.csv"
"nature_depreciation_state","減価償却費：状態","状態","depreciation_cost | annualBillableVolume | accountingType","適用範囲 → 原値欠損 → 負値 → 水量不足 → 収録の順に判定","収録／原資料欠損／水量不足／法非適用のため費用内訳対象外／負値のため算定不可。費用内訳の算定は法適用のみ","depreciation_cost: 法適用 第21表 行番号1 列011 / annualBillableVolume: 法適用 第10表 行番号1 列052 / annualBillableVolume: 法非適用 第10表 行番号1 列052","派生項目の入力IDはこの表を再参照。原値IDはinput-values.csvとsources.csvで照合。原表行の位置はsource-records.csv"
"nature_power_annual","動力費：年額（千円/年）","算定","power_cost","power_cost","全入力が存在するときだけ合計。欠損を0にしない。原資料の負値は保持。費用内訳の算定は法適用のみ","power_cost: 法適用 第21表 行番号1 列012","派生項目の入力IDはこの表を再参照。原値IDはinput-values.csvとsources.csvで照合。原表行の位置はsource-records.csv"
"nature_power_unit","動力費：単位費用（円/m³）","算定","nature_power_annual | annualBillableVolume","nature_power_annual × 1000 ÷ annualBillableVolume","年額が0以上・水量が正の場合のみ。欠損・負の年額・0以下の水量は空欄。丸めなし。費用内訳の算定は法適用のみ","annualBillableVolume: 法適用 第10表 行番号1 列052 / annualBillableVolume: 法非適用 第10表 行番号1 列052","派生項目の入力IDはこの表を再参照。原値IDはinput-values.csvとsources.csvで照合。原表行の位置はsource-records.csv"
"nature_power_share","動力費：構成比（%）","算定","nature_power_annual | total_cost","nature_power_annual ÷ total_cost × 100","年額が0以上・分母が正の場合のみ。その他は空欄。丸めなし。目的別と性質別は合算不可。費用内訳の算定は法適用のみ","total_cost: 法適用 第21表 行番号1 列029","派生項目の入力IDはこの表を再参照。原値IDはinput-values.csvとsources.csvで照合。原表行の位置はsource-records.csv"
"nature_power_median","動力費：県内中央値（円/m³）","算定","nature_power_unit | prefectureCode | comparisonEligible","MEDIAN(比較対象の nature_power_unit)","同県・2020年度・公共下水道・法適用・年間有収水量が正・当該単位費用が有限の事業会計を各1票（自事業を含む）。自身が比較対象外・比較件数0なら空欄。費用内訳の算定は法適用のみ","","派生項目の入力IDはこの表を再参照。原値IDはinput-values.csvとsources.csvで照合。原表行の位置はsource-records.csv"
"nature_power_difference","動力費：県内中央値との差（円/m³）","算定","nature_power_unit | nature_power_median","nature_power_unit − nature_power_median","自身が比較対象・単位費用と中央値が両方存在する場合のみ。その他は空欄。平均との差ではない。費用内訳の算定は法適用のみ","","派生項目の入力IDはこの表を再参照。原値IDはinput-values.csvとsources.csvで照合。原表行の位置はsource-records.csv"
"nature_power_count","動力費：県内比較件数","算定","nature_power_unit | prefectureCode | comparisonEligible","COUNT(比較対象の nature_power_unit)","同県・2020年度・公共下水道・法適用・年間有収水量が正・当該単位費用が有限の事業会計を各1票（自事業を含む）。自身が対象外でも県内の比較可能件数を表示。母集団0件は実数0。費用内訳の算定は法適用のみ","","派生項目の入力IDはこの表を再参照。原値IDはinput-values.csvとsources.csvで照合。原表行の位置はsource-records.csv"
"nature_power_state","動力費：状態","状態","power_cost | annualBillableVolume | accountingType","適用範囲 → 原値欠損 → 負値 → 水量不足 → 収録の順に判定","収録／原資料欠損／水量不足／法非適用のため費用内訳対象外／負値のため算定不可。費用内訳の算定は法適用のみ","power_cost: 法適用 第21表 行番号1 列012 / annualBillableVolume: 法適用 第10表 行番号1 列052 / annualBillableVolume: 法非適用 第10表 行番号1 列052","派生項目の入力IDはこの表を再参照。原値IDはinput-values.csvとsources.csvで照合。原表行の位置はsource-records.csv"
"nature_utilities_annual","光熱水費：年額（千円/年）","算定","water_and_utilities_cost","water_and_utilities_cost","全入力が存在するときだけ合計。欠損を0にしない。原資料の負値は保持。費用内訳の算定は法適用のみ","water_and_utilities_cost: 法適用 第21表 行番号1 列013","派生項目の入力IDはこの表を再参照。原値IDはinput-values.csvとsources.csvで照合。原表行の位置はsource-records.csv"
"nature_utilities_unit","光熱水費：単位費用（円/m³）","算定","nature_utilities_annual | annualBillableVolume","nature_utilities_annual × 1000 ÷ annualBillableVolume","年額が0以上・水量が正の場合のみ。欠損・負の年額・0以下の水量は空欄。丸めなし。費用内訳の算定は法適用のみ","annualBillableVolume: 法適用 第10表 行番号1 列052 / annualBillableVolume: 法非適用 第10表 行番号1 列052","派生項目の入力IDはこの表を再参照。原値IDはinput-values.csvとsources.csvで照合。原表行の位置はsource-records.csv"
"nature_utilities_share","光熱水費：構成比（%）","算定","nature_utilities_annual | total_cost","nature_utilities_annual ÷ total_cost × 100","年額が0以上・分母が正の場合のみ。その他は空欄。丸めなし。目的別と性質別は合算不可。費用内訳の算定は法適用のみ","total_cost: 法適用 第21表 行番号1 列029","派生項目の入力IDはこの表を再参照。原値IDはinput-values.csvとsources.csvで照合。原表行の位置はsource-records.csv"
"nature_utilities_median","光熱水費：県内中央値（円/m³）","算定","nature_utilities_unit | prefectureCode | comparisonEligible","MEDIAN(比較対象の nature_utilities_unit)","同県・2020年度・公共下水道・法適用・年間有収水量が正・当該単位費用が有限の事業会計を各1票（自事業を含む）。自身が比較対象外・比較件数0なら空欄。費用内訳の算定は法適用のみ","","派生項目の入力IDはこの表を再参照。原値IDはinput-values.csvとsources.csvで照合。原表行の位置はsource-records.csv"
"nature_utilities_difference","光熱水費：県内中央値との差（円/m³）","算定","nature_utilities_unit | nature_utilities_median","nature_utilities_unit − nature_utilities_median","自身が比較対象・単位費用と中央値が両方存在する場合のみ。その他は空欄。平均との差ではない。費用内訳の算定は法適用のみ","","派生項目の入力IDはこの表を再参照。原値IDはinput-values.csvとsources.csvで照合。原表行の位置はsource-records.csv"
"nature_utilities_count","光熱水費：県内比較件数","算定","nature_utilities_unit | prefectureCode | comparisonEligible","COUNT(比較対象の nature_utilities_unit)","同県・2020年度・公共下水道・法適用・年間有収水量が正・当該単位費用が有限の事業会計を各1票（自事業を含む）。自身が対象外でも県内の比較可能件数を表示。母集団0件は実数0。費用内訳の算定は法適用のみ","","派生項目の入力IDはこの表を再参照。原値IDはinput-values.csvとsources.csvで照合。原表行の位置はsource-records.csv"
"nature_utilities_state","光熱水費：状態","状態","water_and_utilities_cost | annualBillableVolume | accountingType","適用範囲 → 原値欠損 → 負値 → 水量不足 → 収録の順に判定","収録／原資料欠損／水量不足／法非適用のため費用内訳対象外／負値のため算定不可。費用内訳の算定は法適用のみ","water_and_utilities_cost: 法適用 第21表 行番号1 列013 / annualBillableVolume: 法適用 第10表 行番号1 列052 / annualBillableVolume: 法非適用 第10表 行番号1 列052","派生項目の入力IDはこの表を再参照。原値IDはinput-values.csvとsources.csvで照合。原表行の位置はsource-records.csv"
"nature_communications_annual","通信運搬費：年額（千円/年）","算定","communications_transport_cost","communications_transport_cost","全入力が存在するときだけ合計。欠損を0にしない。原資料の負値は保持。費用内訳の算定は法適用のみ","communications_transport_cost: 法適用 第21表 行番号1 列014","派生項目の入力IDはこの表を再参照。原値IDはinput-values.csvとsources.csvで照合。原表行の位置はsource-records.csv"
"nature_communications_unit","通信運搬費：単位費用（円/m³）","算定","nature_communications_annual | annualBillableVolume","nature_communications_annual × 1000 ÷ annualBillableVolume","年額が0以上・水量が正の場合のみ。欠損・負の年額・0以下の水量は空欄。丸めなし。費用内訳の算定は法適用のみ","annualBillableVolume: 法適用 第10表 行番号1 列052 / annualBillableVolume: 法非適用 第10表 行番号1 列052","派生項目の入力IDはこの表を再参照。原値IDはinput-values.csvとsources.csvで照合。原表行の位置はsource-records.csv"
"nature_communications_share","通信運搬費：構成比（%）","算定","nature_communications_annual | total_cost","nature_communications_annual ÷ total_cost × 100","年額が0以上・分母が正の場合のみ。その他は空欄。丸めなし。目的別と性質別は合算不可。費用内訳の算定は法適用のみ","total_cost: 法適用 第21表 行番号1 列029","派生項目の入力IDはこの表を再参照。原値IDはinput-values.csvとsources.csvで照合。原表行の位置はsource-records.csv"
"nature_communications_median","通信運搬費：県内中央値（円/m³）","算定","nature_communications_unit | prefectureCode | comparisonEligible","MEDIAN(比較対象の nature_communications_unit)","同県・2020年度・公共下水道・法適用・年間有収水量が正・当該単位費用が有限の事業会計を各1票（自事業を含む）。自身が比較対象外・比較件数0なら空欄。費用内訳の算定は法適用のみ","","派生項目の入力IDはこの表を再参照。原値IDはinput-values.csvとsources.csvで照合。原表行の位置はsource-records.csv"
"nature_communications_difference","通信運搬費：県内中央値との差（円/m³）","算定","nature_communications_unit | nature_communications_median","nature_communications_unit − nature_communications_median","自身が比較対象・単位費用と中央値が両方存在する場合のみ。その他は空欄。平均との差ではない。費用内訳の算定は法適用のみ","","派生項目の入力IDはこの表を再参照。原値IDはinput-values.csvとsources.csvで照合。原表行の位置はsource-records.csv"
"nature_communications_count","通信運搬費：県内比較件数","算定","nature_communications_unit | prefectureCode | comparisonEligible","COUNT(比較対象の nature_communications_unit)","同県・2020年度・公共下水道・法適用・年間有収水量が正・当該単位費用が有限の事業会計を各1票（自事業を含む）。自身が対象外でも県内の比較可能件数を表示。母集団0件は実数0。費用内訳の算定は法適用のみ","","派生項目の入力IDはこの表を再参照。原値IDはinput-values.csvとsources.csvで照合。原表行の位置はsource-records.csv"
"nature_communications_state","通信運搬費：状態","状態","communications_transport_cost | annualBillableVolume | accountingType","適用範囲 → 原値欠損 → 負値 → 水量不足 → 収録の順に判定","収録／原資料欠損／水量不足／法非適用のため費用内訳対象外／負値のため算定不可。費用内訳の算定は法適用のみ","communications_transport_cost: 法適用 第21表 行番号1 列014 / annualBillableVolume: 法適用 第10表 行番号1 列052 / annualBillableVolume: 法非適用 第10表 行番号1 列052","派生項目の入力IDはこの表を再参照。原値IDはinput-values.csvとsources.csvで照合。原表行の位置はsource-records.csv"
"nature_repair_annual","修繕費：年額（千円/年）","算定","repair_cost","repair_cost","全入力が存在するときだけ合計。欠損を0にしない。原資料の負値は保持。費用内訳の算定は法適用のみ","repair_cost: 法適用 第21表 行番号1 列015","派生項目の入力IDはこの表を再参照。原値IDはinput-values.csvとsources.csvで照合。原表行の位置はsource-records.csv"
"nature_repair_unit","修繕費：単位費用（円/m³）","算定","nature_repair_annual | annualBillableVolume","nature_repair_annual × 1000 ÷ annualBillableVolume","年額が0以上・水量が正の場合のみ。欠損・負の年額・0以下の水量は空欄。丸めなし。費用内訳の算定は法適用のみ","annualBillableVolume: 法適用 第10表 行番号1 列052 / annualBillableVolume: 法非適用 第10表 行番号1 列052","派生項目の入力IDはこの表を再参照。原値IDはinput-values.csvとsources.csvで照合。原表行の位置はsource-records.csv"
"nature_repair_share","修繕費：構成比（%）","算定","nature_repair_annual | total_cost","nature_repair_annual ÷ total_cost × 100","年額が0以上・分母が正の場合のみ。その他は空欄。丸めなし。目的別と性質別は合算不可。費用内訳の算定は法適用のみ","total_cost: 法適用 第21表 行番号1 列029","派生項目の入力IDはこの表を再参照。原値IDはinput-values.csvとsources.csvで照合。原表行の位置はsource-records.csv"
"nature_repair_median","修繕費：県内中央値（円/m³）","算定","nature_repair_unit | prefectureCode | comparisonEligible","MEDIAN(比較対象の nature_repair_unit)","同県・2020年度・公共下水道・法適用・年間有収水量が正・当該単位費用が有限の事業会計を各1票（自事業を含む）。自身が比較対象外・比較件数0なら空欄。費用内訳の算定は法適用のみ","","派生項目の入力IDはこの表を再参照。原値IDはinput-values.csvとsources.csvで照合。原表行の位置はsource-records.csv"
"nature_repair_difference","修繕費：県内中央値との差（円/m³）","算定","nature_repair_unit | nature_repair_median","nature_repair_unit − nature_repair_median","自身が比較対象・単位費用と中央値が両方存在する場合のみ。その他は空欄。平均との差ではない。費用内訳の算定は法適用のみ","","派生項目の入力IDはこの表を再参照。原値IDはinput-values.csvとsources.csvで照合。原表行の位置はsource-records.csv"
"nature_repair_count","修繕費：県内比較件数","算定","nature_repair_unit | prefectureCode | comparisonEligible","COUNT(比較対象の nature_repair_unit)","同県・2020年度・公共下水道・法適用・年間有収水量が正・当該単位費用が有限の事業会計を各1票（自事業を含む）。自身が対象外でも県内の比較可能件数を表示。母集団0件は実数0。費用内訳の算定は法適用のみ","","派生項目の入力IDはこの表を再参照。原値IDはinput-values.csvとsources.csvで照合。原表行の位置はsource-records.csv"
"nature_repair_state","修繕費：状態","状態","repair_cost | annualBillableVolume | accountingType","適用範囲 → 原値欠損 → 負値 → 水量不足 → 収録の順に判定","収録／原資料欠損／水量不足／法非適用のため費用内訳対象外／負値のため算定不可。費用内訳の算定は法適用のみ","repair_cost: 法適用 第21表 行番号1 列015 / annualBillableVolume: 法適用 第10表 行番号1 列052 / annualBillableVolume: 法非適用 第10表 行番号1 列052","派生項目の入力IDはこの表を再参照。原値IDはinput-values.csvとsources.csvで照合。原表行の位置はsource-records.csv"
"nature_materials_annual","材料費：年額（千円/年）","算定","materials_cost","materials_cost","全入力が存在するときだけ合計。欠損を0にしない。原資料の負値は保持。費用内訳の算定は法適用のみ","materials_cost: 法適用 第21表 行番号1 列016","派生項目の入力IDはこの表を再参照。原値IDはinput-values.csvとsources.csvで照合。原表行の位置はsource-records.csv"
"nature_materials_unit","材料費：単位費用（円/m³）","算定","nature_materials_annual | annualBillableVolume","nature_materials_annual × 1000 ÷ annualBillableVolume","年額が0以上・水量が正の場合のみ。欠損・負の年額・0以下の水量は空欄。丸めなし。費用内訳の算定は法適用のみ","annualBillableVolume: 法適用 第10表 行番号1 列052 / annualBillableVolume: 法非適用 第10表 行番号1 列052","派生項目の入力IDはこの表を再参照。原値IDはinput-values.csvとsources.csvで照合。原表行の位置はsource-records.csv"
"nature_materials_share","材料費：構成比（%）","算定","nature_materials_annual | total_cost","nature_materials_annual ÷ total_cost × 100","年額が0以上・分母が正の場合のみ。その他は空欄。丸めなし。目的別と性質別は合算不可。費用内訳の算定は法適用のみ","total_cost: 法適用 第21表 行番号1 列029","派生項目の入力IDはこの表を再参照。原値IDはinput-values.csvとsources.csvで照合。原表行の位置はsource-records.csv"
"nature_materials_median","材料費：県内中央値（円/m³）","算定","nature_materials_unit | prefectureCode | comparisonEligible","MEDIAN(比較対象の nature_materials_unit)","同県・2020年度・公共下水道・法適用・年間有収水量が正・当該単位費用が有限の事業会計を各1票（自事業を含む）。自身が比較対象外・比較件数0なら空欄。費用内訳の算定は法適用のみ","","派生項目の入力IDはこの表を再参照。原値IDはinput-values.csvとsources.csvで照合。原表行の位置はsource-records.csv"
"nature_materials_difference","材料費：県内中央値との差（円/m³）","算定","nature_materials_unit | nature_materials_median","nature_materials_unit − nature_materials_median","自身が比較対象・単位費用と中央値が両方存在する場合のみ。その他は空欄。平均との差ではない。費用内訳の算定は法適用のみ","","派生項目の入力IDはこの表を再参照。原値IDはinput-values.csvとsources.csvで照合。原表行の位置はsource-records.csv"
"nature_materials_count","材料費：県内比較件数","算定","nature_materials_unit | prefectureCode | comparisonEligible","COUNT(比較対象の nature_materials_unit)","同県・2020年度・公共下水道・法適用・年間有収水量が正・当該単位費用が有限の事業会計を各1票（自事業を含む）。自身が対象外でも県内の比較可能件数を表示。母集団0件は実数0。費用内訳の算定は法適用のみ","","派生項目の入力IDはこの表を再参照。原値IDはinput-values.csvとsources.csvで照合。原表行の位置はsource-records.csv"
"nature_materials_state","材料費：状態","状態","materials_cost | annualBillableVolume | accountingType","適用範囲 → 原値欠損 → 負値 → 水量不足 → 収録の順に判定","収録／原資料欠損／水量不足／法非適用のため費用内訳対象外／負値のため算定不可。費用内訳の算定は法適用のみ","materials_cost: 法適用 第21表 行番号1 列016 / annualBillableVolume: 法適用 第10表 行番号1 列052 / annualBillableVolume: 法非適用 第10表 行番号1 列052","派生項目の入力IDはこの表を再参照。原値IDはinput-values.csvとsources.csvで照合。原表行の位置はsource-records.csv"
"nature_chemicals_annual","薬品費：年額（千円/年）","算定","chemical_cost","chemical_cost","全入力が存在するときだけ合計。欠損を0にしない。原資料の負値は保持。費用内訳の算定は法適用のみ","chemical_cost: 法適用 第21表 行番号1 列017","派生項目の入力IDはこの表を再参照。原値IDはinput-values.csvとsources.csvで照合。原表行の位置はsource-records.csv"
"nature_chemicals_unit","薬品費：単位費用（円/m³）","算定","nature_chemicals_annual | annualBillableVolume","nature_chemicals_annual × 1000 ÷ annualBillableVolume","年額が0以上・水量が正の場合のみ。欠損・負の年額・0以下の水量は空欄。丸めなし。費用内訳の算定は法適用のみ","annualBillableVolume: 法適用 第10表 行番号1 列052 / annualBillableVolume: 法非適用 第10表 行番号1 列052","派生項目の入力IDはこの表を再参照。原値IDはinput-values.csvとsources.csvで照合。原表行の位置はsource-records.csv"
"nature_chemicals_share","薬品費：構成比（%）","算定","nature_chemicals_annual | total_cost","nature_chemicals_annual ÷ total_cost × 100","年額が0以上・分母が正の場合のみ。その他は空欄。丸めなし。目的別と性質別は合算不可。費用内訳の算定は法適用のみ","total_cost: 法適用 第21表 行番号1 列029","派生項目の入力IDはこの表を再参照。原値IDはinput-values.csvとsources.csvで照合。原表行の位置はsource-records.csv"
"nature_chemicals_median","薬品費：県内中央値（円/m³）","算定","nature_chemicals_unit | prefectureCode | comparisonEligible","MEDIAN(比較対象の nature_chemicals_unit)","同県・2020年度・公共下水道・法適用・年間有収水量が正・当該単位費用が有限の事業会計を各1票（自事業を含む）。自身が比較対象外・比較件数0なら空欄。費用内訳の算定は法適用のみ","","派生項目の入力IDはこの表を再参照。原値IDはinput-values.csvとsources.csvで照合。原表行の位置はsource-records.csv"
"nature_chemicals_difference","薬品費：県内中央値との差（円/m³）","算定","nature_chemicals_unit | nature_chemicals_median","nature_chemicals_unit − nature_chemicals_median","自身が比較対象・単位費用と中央値が両方存在する場合のみ。その他は空欄。平均との差ではない。費用内訳の算定は法適用のみ","","派生項目の入力IDはこの表を再参照。原値IDはinput-values.csvとsources.csvで照合。原表行の位置はsource-records.csv"
"nature_chemicals_count","薬品費：県内比較件数","算定","nature_chemicals_unit | prefectureCode | comparisonEligible","COUNT(比較対象の nature_chemicals_unit)","同県・2020年度・公共下水道・法適用・年間有収水量が正・当該単位費用が有限の事業会計を各1票（自事業を含む）。自身が対象外でも県内の比較可能件数を表示。母集団0件は実数0。費用内訳の算定は法適用のみ","","派生項目の入力IDはこの表を再参照。原値IDはinput-values.csvとsources.csvで照合。原表行の位置はsource-records.csv"
"nature_chemicals_state","薬品費：状態","状態","chemical_cost | annualBillableVolume | accountingType","適用範囲 → 原値欠損 → 負値 → 水量不足 → 収録の順に判定","収録／原資料欠損／水量不足／法非適用のため費用内訳対象外／負値のため算定不可。費用内訳の算定は法適用のみ","chemical_cost: 法適用 第21表 行番号1 列017 / annualBillableVolume: 法適用 第10表 行番号1 列052 / annualBillableVolume: 法非適用 第10表 行番号1 列052","派生項目の入力IDはこの表を再参照。原値IDはinput-values.csvとsources.csvで照合。原表行の位置はsource-records.csv"
"nature_road-restoration_annual","路面復旧費：年額（千円/年）","算定","road_restoration_cost","road_restoration_cost","全入力が存在するときだけ合計。欠損を0にしない。原資料の負値は保持。費用内訳の算定は法適用のみ","road_restoration_cost: 法適用 第21表 行番号1 列018","派生項目の入力IDはこの表を再参照。原値IDはinput-values.csvとsources.csvで照合。原表行の位置はsource-records.csv"
"nature_road-restoration_unit","路面復旧費：単位費用（円/m³）","算定","nature_road-restoration_annual | annualBillableVolume","nature_road-restoration_annual × 1000 ÷ annualBillableVolume","年額が0以上・水量が正の場合のみ。欠損・負の年額・0以下の水量は空欄。丸めなし。費用内訳の算定は法適用のみ","annualBillableVolume: 法適用 第10表 行番号1 列052 / annualBillableVolume: 法非適用 第10表 行番号1 列052","派生項目の入力IDはこの表を再参照。原値IDはinput-values.csvとsources.csvで照合。原表行の位置はsource-records.csv"
"nature_road-restoration_share","路面復旧費：構成比（%）","算定","nature_road-restoration_annual | total_cost","nature_road-restoration_annual ÷ total_cost × 100","年額が0以上・分母が正の場合のみ。その他は空欄。丸めなし。目的別と性質別は合算不可。費用内訳の算定は法適用のみ","total_cost: 法適用 第21表 行番号1 列029","派生項目の入力IDはこの表を再参照。原値IDはinput-values.csvとsources.csvで照合。原表行の位置はsource-records.csv"
"nature_road-restoration_median","路面復旧費：県内中央値（円/m³）","算定","nature_road-restoration_unit | prefectureCode | comparisonEligible","MEDIAN(比較対象の nature_road-restoration_unit)","同県・2020年度・公共下水道・法適用・年間有収水量が正・当該単位費用が有限の事業会計を各1票（自事業を含む）。自身が比較対象外・比較件数0なら空欄。費用内訳の算定は法適用のみ","","派生項目の入力IDはこの表を再参照。原値IDはinput-values.csvとsources.csvで照合。原表行の位置はsource-records.csv"
"nature_road-restoration_difference","路面復旧費：県内中央値との差（円/m³）","算定","nature_road-restoration_unit | nature_road-restoration_median","nature_road-restoration_unit − nature_road-restoration_median","自身が比較対象・単位費用と中央値が両方存在する場合のみ。その他は空欄。平均との差ではない。費用内訳の算定は法適用のみ","","派生項目の入力IDはこの表を再参照。原値IDはinput-values.csvとsources.csvで照合。原表行の位置はsource-records.csv"
"nature_road-restoration_count","路面復旧費：県内比較件数","算定","nature_road-restoration_unit | prefectureCode | comparisonEligible","COUNT(比較対象の nature_road-restoration_unit)","同県・2020年度・公共下水道・法適用・年間有収水量が正・当該単位費用が有限の事業会計を各1票（自事業を含む）。自身が対象外でも県内の比較可能件数を表示。母集団0件は実数0。費用内訳の算定は法適用のみ","","派生項目の入力IDはこの表を再参照。原値IDはinput-values.csvとsources.csvで照合。原表行の位置はsource-records.csv"
"nature_road-restoration_state","路面復旧費：状態","状態","road_restoration_cost | annualBillableVolume | accountingType","適用範囲 → 原値欠損 → 負値 → 水量不足 → 収録の順に判定","収録／原資料欠損／水量不足／法非適用のため費用内訳対象外／負値のため算定不可。費用内訳の算定は法適用のみ","road_restoration_cost: 法適用 第21表 行番号1 列018 / annualBillableVolume: 法適用 第10表 行番号1 列052 / annualBillableVolume: 法非適用 第10表 行番号1 列052","派生項目の入力IDはこの表を再参照。原値IDはinput-values.csvとsources.csvで照合。原表行の位置はsource-records.csv"
"nature_outsourcing_annual","委託料：年額（千円/年）","算定","outsourcing_cost","outsourcing_cost","全入力が存在するときだけ合計。欠損を0にしない。原資料の負値は保持。費用内訳の算定は法適用のみ","outsourcing_cost: 法適用 第21表 行番号1 列019","派生項目の入力IDはこの表を再参照。原値IDはinput-values.csvとsources.csvで照合。原表行の位置はsource-records.csv"
"nature_outsourcing_unit","委託料：単位費用（円/m³）","算定","nature_outsourcing_annual | annualBillableVolume","nature_outsourcing_annual × 1000 ÷ annualBillableVolume","年額が0以上・水量が正の場合のみ。欠損・負の年額・0以下の水量は空欄。丸めなし。費用内訳の算定は法適用のみ","annualBillableVolume: 法適用 第10表 行番号1 列052 / annualBillableVolume: 法非適用 第10表 行番号1 列052","派生項目の入力IDはこの表を再参照。原値IDはinput-values.csvとsources.csvで照合。原表行の位置はsource-records.csv"
"nature_outsourcing_share","委託料：構成比（%）","算定","nature_outsourcing_annual | total_cost","nature_outsourcing_annual ÷ total_cost × 100","年額が0以上・分母が正の場合のみ。その他は空欄。丸めなし。目的別と性質別は合算不可。費用内訳の算定は法適用のみ","total_cost: 法適用 第21表 行番号1 列029","派生項目の入力IDはこの表を再参照。原値IDはinput-values.csvとsources.csvで照合。原表行の位置はsource-records.csv"
"nature_outsourcing_median","委託料：県内中央値（円/m³）","算定","nature_outsourcing_unit | prefectureCode | comparisonEligible","MEDIAN(比較対象の nature_outsourcing_unit)","同県・2020年度・公共下水道・法適用・年間有収水量が正・当該単位費用が有限の事業会計を各1票（自事業を含む）。自身が比較対象外・比較件数0なら空欄。費用内訳の算定は法適用のみ","","派生項目の入力IDはこの表を再参照。原値IDはinput-values.csvとsources.csvで照合。原表行の位置はsource-records.csv"
"nature_outsourcing_difference","委託料：県内中央値との差（円/m³）","算定","nature_outsourcing_unit | nature_outsourcing_median","nature_outsourcing_unit − nature_outsourcing_median","自身が比較対象・単位費用と中央値が両方存在する場合のみ。その他は空欄。平均との差ではない。費用内訳の算定は法適用のみ","","派生項目の入力IDはこの表を再参照。原値IDはinput-values.csvとsources.csvで照合。原表行の位置はsource-records.csv"
"nature_outsourcing_count","委託料：県内比較件数","算定","nature_outsourcing_unit | prefectureCode | comparisonEligible","COUNT(比較対象の nature_outsourcing_unit)","同県・2020年度・公共下水道・法適用・年間有収水量が正・当該単位費用が有限の事業会計を各1票（自事業を含む）。自身が対象外でも県内の比較可能件数を表示。母集団0件は実数0。費用内訳の算定は法適用のみ","","派生項目の入力IDはこの表を再参照。原値IDはinput-values.csvとsources.csvで照合。原表行の位置はsource-records.csv"
"nature_outsourcing_state","委託料：状態","状態","outsourcing_cost | annualBillableVolume | accountingType","適用範囲 → 原値欠損 → 負値 → 水量不足 → 収録の順に判定","収録／原資料欠損／水量不足／法非適用のため費用内訳対象外／負値のため算定不可。費用内訳の算定は法適用のみ","outsourcing_cost: 法適用 第21表 行番号1 列019 / annualBillableVolume: 法適用 第10表 行番号1 列052 / annualBillableVolume: 法非適用 第10表 行番号1 列052","派生項目の入力IDはこの表を再参照。原値IDはinput-values.csvとsources.csvで照合。原表行の位置はsource-records.csv"
"nature_regional-sewerage-contribution_annual","流域下水道管理運営費負担金：年額（千円/年）","算定","regional_sewerage_contribution","regional_sewerage_contribution","全入力が存在するときだけ合計。欠損を0にしない。原資料の負値は保持。費用内訳の算定は法適用のみ","regional_sewerage_contribution: 法適用 第21表 行番号1 列027","派生項目の入力IDはこの表を再参照。原値IDはinput-values.csvとsources.csvで照合。原表行の位置はsource-records.csv"
"nature_regional-sewerage-contribution_unit","流域下水道管理運営費負担金：単位費用（円/m³）","算定","nature_regional-sewerage-contribution_annual | annualBillableVolume","nature_regional-sewerage-contribution_annual × 1000 ÷ annualBillableVolume","年額が0以上・水量が正の場合のみ。欠損・負の年額・0以下の水量は空欄。丸めなし。費用内訳の算定は法適用のみ","annualBillableVolume: 法適用 第10表 行番号1 列052 / annualBillableVolume: 法非適用 第10表 行番号1 列052","派生項目の入力IDはこの表を再参照。原値IDはinput-values.csvとsources.csvで照合。原表行の位置はsource-records.csv"
"nature_regional-sewerage-contribution_share","流域下水道管理運営費負担金：構成比（%）","算定","nature_regional-sewerage-contribution_annual | total_cost","nature_regional-sewerage-contribution_annual ÷ total_cost × 100","年額が0以上・分母が正の場合のみ。その他は空欄。丸めなし。目的別と性質別は合算不可。費用内訳の算定は法適用のみ","total_cost: 法適用 第21表 行番号1 列029","派生項目の入力IDはこの表を再参照。原値IDはinput-values.csvとsources.csvで照合。原表行の位置はsource-records.csv"
"nature_regional-sewerage-contribution_median","流域下水道管理運営費負担金：県内中央値（円/m³）","算定","nature_regional-sewerage-contribution_unit | prefectureCode | comparisonEligible","MEDIAN(比較対象の nature_regional-sewerage-contribution_unit)","同県・2020年度・公共下水道・法適用・年間有収水量が正・当該単位費用が有限の事業会計を各1票（自事業を含む）。自身が比較対象外・比較件数0なら空欄。費用内訳の算定は法適用のみ","","派生項目の入力IDはこの表を再参照。原値IDはinput-values.csvとsources.csvで照合。原表行の位置はsource-records.csv"
"nature_regional-sewerage-contribution_difference","流域下水道管理運営費負担金：県内中央値との差（円/m³）","算定","nature_regional-sewerage-contribution_unit | nature_regional-sewerage-contribution_median","nature_regional-sewerage-contribution_unit − nature_regional-sewerage-contribution_median","自身が比較対象・単位費用と中央値が両方存在する場合のみ。その他は空欄。平均との差ではない。費用内訳の算定は法適用のみ","","派生項目の入力IDはこの表を再参照。原値IDはinput-values.csvとsources.csvで照合。原表行の位置はsource-records.csv"
"nature_regional-sewerage-contribution_count","流域下水道管理運営費負担金：県内比較件数","算定","nature_regional-sewerage-contribution_unit | prefectureCode | comparisonEligible","COUNT(比較対象の nature_regional-sewerage-contribution_unit)","同県・2020年度・公共下水道・法適用・年間有収水量が正・当該単位費用が有限の事業会計を各1票（自事業を含む）。自身が対象外でも県内の比較可能件数を表示。母集団0件は実数0。費用内訳の算定は法適用のみ","","派生項目の入力IDはこの表を再参照。原値IDはinput-values.csvとsources.csvで照合。原表行の位置はsource-records.csv"
"nature_regional-sewerage-contribution_state","流域下水道管理運営費負担金：状態","状態","regional_sewerage_contribution | annualBillableVolume | accountingType","適用範囲 → 原値欠損 → 負値 → 水量不足 → 収録の順に判定","収録／原資料欠損／水量不足／法非適用のため費用内訳対象外／負値のため算定不可。費用内訳の算定は法適用のみ","regional_sewerage_contribution: 法適用 第21表 行番号1 列027 / annualBillableVolume: 法適用 第10表 行番号1 列052 / annualBillableVolume: 法非適用 第10表 行番号1 列052","派生項目の入力IDはこの表を再参照。原値IDはinput-values.csvとsources.csvで照合。原表行の位置はsource-records.csv"
"nature_other_annual","その他：年額（千円/年）","算定","other_cost","other_cost","全入力が存在するときだけ合計。欠損を0にしない。原資料の負値は保持。費用内訳の算定は法適用のみ","other_cost: 法適用 第21表 行番号1 列028","派生項目の入力IDはこの表を再参照。原値IDはinput-values.csvとsources.csvで照合。原表行の位置はsource-records.csv"
"nature_other_unit","その他：単位費用（円/m³）","算定","nature_other_annual | annualBillableVolume","nature_other_annual × 1000 ÷ annualBillableVolume","年額が0以上・水量が正の場合のみ。欠損・負の年額・0以下の水量は空欄。丸めなし。費用内訳の算定は法適用のみ","annualBillableVolume: 法適用 第10表 行番号1 列052 / annualBillableVolume: 法非適用 第10表 行番号1 列052","派生項目の入力IDはこの表を再参照。原値IDはinput-values.csvとsources.csvで照合。原表行の位置はsource-records.csv"
"nature_other_share","その他：構成比（%）","算定","nature_other_annual | total_cost","nature_other_annual ÷ total_cost × 100","年額が0以上・分母が正の場合のみ。その他は空欄。丸めなし。目的別と性質別は合算不可。費用内訳の算定は法適用のみ","total_cost: 法適用 第21表 行番号1 列029","派生項目の入力IDはこの表を再参照。原値IDはinput-values.csvとsources.csvで照合。原表行の位置はsource-records.csv"
"nature_other_median","その他：県内中央値（円/m³）","算定","nature_other_unit | prefectureCode | comparisonEligible","MEDIAN(比較対象の nature_other_unit)","同県・2020年度・公共下水道・法適用・年間有収水量が正・当該単位費用が有限の事業会計を各1票（自事業を含む）。自身が比較対象外・比較件数0なら空欄。費用内訳の算定は法適用のみ","","派生項目の入力IDはこの表を再参照。原値IDはinput-values.csvとsources.csvで照合。原表行の位置はsource-records.csv"
"nature_other_difference","その他：県内中央値との差（円/m³）","算定","nature_other_unit | nature_other_median","nature_other_unit − nature_other_median","自身が比較対象・単位費用と中央値が両方存在する場合のみ。その他は空欄。平均との差ではない。費用内訳の算定は法適用のみ","","派生項目の入力IDはこの表を再参照。原値IDはinput-values.csvとsources.csvで照合。原表行の位置はsource-records.csv"
"nature_other_count","その他：県内比較件数","算定","nature_other_unit | prefectureCode | comparisonEligible","COUNT(比較対象の nature_other_unit)","同県・2020年度・公共下水道・法適用・年間有収水量が正・当該単位費用が有限の事業会計を各1票（自事業を含む）。自身が対象外でも県内の比較可能件数を表示。母集団0件は実数0。費用内訳の算定は法適用のみ","","派生項目の入力IDはこの表を再参照。原値IDはinput-values.csvとsources.csvで照合。原表行の位置はsource-records.csv"
"nature_other_state","その他：状態","状態","other_cost | annualBillableVolume | accountingType","適用範囲 → 原値欠損 → 負値 → 水量不足 → 収録の順に判定","収録／原資料欠損／水量不足／法非適用のため費用内訳対象外／負値のため算定不可。費用内訳の算定は法適用のみ","other_cost: 法適用 第21表 行番号1 列028 / annualBillableVolume: 法適用 第10表 行番号1 列052 / annualBillableVolume: 法非適用 第10表 行番号1 列052","派生項目の入力IDはこの表を再参照。原値IDはinput-values.csvとsources.csvで照合。原表行の位置はsource-records.csv"
"validationStatus","検証状態","識別・状態","","年度・識別・結合・有限値の自動検証。原資料の全件手動照合を意味しない","原資料の年度・団体・事業・会計を保持。異年度補完なし","","派生項目の入力IDはこの表を再参照。原値IDはinput-values.csvとsources.csvで照合。原表行の位置はsource-records.csv"
"qualityNotes","確認事項","識別・状態","","空欄・合計差・データ不足を記録。確認済みという包括的な保証ではない","原資料の年度・団体・事業・会計を保持。異年度補完なし","","派生項目の入力IDはこの表を再参照。原値IDはinput-values.csvとsources.csvで照合。原表行の位置はsource-records.csv"
