"field","label","accounting","fiscalYear","catalogYear","table","row","col","unit","taxBasis","layoutUrl","sourceUrl","sha256","join"
"servicePopulation","処理区域内人口","legal_applied","2020","2021","10","1","11","人","金額以外","https://www.e-stat.go.jp/stat-search/file-download?fileKind=0&statInfId=000032122216","https://www.e-stat.go.jp/stat-search/file-download?&statInfId=000032122244&fileKind=0","51fb153cb6f808b51faf45c7bbe9c08928ffb12caed9317c3cc208ecae03ac49","団体コード＋業種17＋事業1＋施設コード＋会計＋決算年度2020"
"connectedPopulation","水洗化人口","legal_applied","2020","2021","10","1","12","人","金額以外","https://www.e-stat.go.jp/stat-search/file-download?fileKind=0&statInfId=000032122216","https://www.e-stat.go.jp/stat-search/file-download?&statInfId=000032122244&fileKind=0","51fb153cb6f808b51faf45c7bbe9c08928ffb12caed9317c3cc208ecae03ac49","団体コード＋業種17＋事業1＋施設コード＋会計＋決算年度2020"
"treatedVolume","年間汚水処理水量","legal_applied","2020","2021","10","1","50","m³/年","金額以外","https://www.e-stat.go.jp/stat-search/file-download?fileKind=0&statInfId=000032122216","https://www.e-stat.go.jp/stat-search/file-download?&statInfId=000032122244&fileKind=0","51fb153cb6f808b51faf45c7bbe9c08928ffb12caed9317c3cc208ecae03ac49","団体コード＋業種17＋事業1＋施設コード＋会計＋決算年度2020"
"annualBillableVolume","年間有収水量","legal_applied","2020","2021","10","1","52","m³/年","金額以外","https://www.e-stat.go.jp/stat-search/file-download?fileKind=0&statInfId=000032122216","https://www.e-stat.go.jp/stat-search/file-download?&statInfId=000032122244&fileKind=0","51fb153cb6f808b51faf45c7bbe9c08928ffb12caed9317c3cc208ecae03ac49","団体コード＋業種17＋事業1＋施設コード＋会計＋決算年度2020"
"householdFee20m3Yen","一般家庭用20m³月額","legal_applied","2020","2021","33","1","13","円/月・税込","税込","https://www.e-stat.go.jp/stat-search/file-download?fileKind=0&statInfId=000032122216","https://www.e-stat.go.jp/stat-search/file-download?&statInfId=000032122264&fileKind=0","9c3ee4f489de62b4066451366e60b78693eea16e39dedc20d0f464247165c8e7","団体コード＋業種17＋事業1＋施設コード＋会計＋決算年度2020"
"sewerFeeRevenue","使用料収入","legal_applied","2020","2021","20","1","3","千円/年","税抜","https://www.e-stat.go.jp/stat-search/file-download?fileKind=0&statInfId=000032122216","https://www.e-stat.go.jp/stat-search/file-download?&statInfId=000032122253&fileKind=0","f019a918c8b36048c1ebe40674d220c454b4f28ccceb5baa9ab0ded5817eae22","団体コード＋業種17＋事業1＋施設コード＋会計＋決算年度2020"
"wastewaterTreatmentCost","汚水処理費","legal_applied","2020","2021","32","2","16","千円/年","税抜","https://www.e-stat.go.jp/stat-search/file-download?fileKind=0&statInfId=000032122216","https://www.e-stat.go.jp/stat-search/file-download?&statInfId=000032122263&fileKind=0","559cf2cd2d37c0b4fb46f598cb43c833e0da70d6bda1849bb55b90d4bbbf1e56","団体コード＋業種17＋事業1＋施設コード＋会計＋決算年度2020"
"opexComponent","維持管理費分","legal_applied","2020","2021","32","1","44","千円/年","税抜","https://www.e-stat.go.jp/stat-search/file-download?fileKind=0&statInfId=000032122216","https://www.e-stat.go.jp/stat-search/file-download?&statInfId=000032122263&fileKind=0","559cf2cd2d37c0b4fb46f598cb43c833e0da70d6bda1849bb55b90d4bbbf1e56","団体コード＋業種17＋事業1＋施設コード＋会計＋決算年度2020"
"capitalCostComponent","資本費分","legal_applied","2020","2021","32","2","8","千円/年","税抜","https://www.e-stat.go.jp/stat-search/file-download?fileKind=0&statInfId=000032122216","https://www.e-stat.go.jp/stat-search/file-download?&statInfId=000032122263&fileKind=0","559cf2cd2d37c0b4fb46f598cb43c833e0da70d6bda1849bb55b90d4bbbf1e56","団体コード＋業種17＋事業1＋施設コード＋会計＋決算年度2020"
"operating_expense","営業費用","legal_applied","2020","2021","20","1","26","千円","税抜","https://www.e-stat.go.jp/stat-search/file-download?fileKind=0&statInfId=000032122216","https://www.e-stat.go.jp/stat-search/file-download?&statInfId=000032122253&fileKind=0","f019a918c8b36048c1ebe40674d220c454b4f28ccceb5baa9ab0ded5817eae22","団体コード＋業種17＋事業1＋施設コード＋会計＋決算年度2020"
"pipeline_expense","管渠費","legal_applied","2020","2021","20","1","27","千円","税抜","https://www.e-stat.go.jp/stat-search/file-download?fileKind=0&statInfId=000032122216","https://www.e-stat.go.jp/stat-search/file-download?&statInfId=000032122253&fileKind=0","f019a918c8b36048c1ebe40674d220c454b4f28ccceb5baa9ab0ded5817eae22","団体コード＋業種17＋事業1＋施設コード＋会計＋決算年度2020"
"pump_station_expense","ポンプ場費","legal_applied","2020","2021","20","1","28","千円","税抜","https://www.e-stat.go.jp/stat-search/file-download?fileKind=0&statInfId=000032122216","https://www.e-stat.go.jp/stat-search/file-download?&statInfId=000032122253&fileKind=0","f019a918c8b36048c1ebe40674d220c454b4f28ccceb5baa9ab0ded5817eae22","団体コード＋業種17＋事業1＋施設コード＋会計＋決算年度2020"
"treatment_plant_expense","処理場費","legal_applied","2020","2021","20","1","29","千円","税抜","https://www.e-stat.go.jp/stat-search/file-download?fileKind=0&statInfId=000032122216","https://www.e-stat.go.jp/stat-search/file-download?&statInfId=000032122253&fileKind=0","f019a918c8b36048c1ebe40674d220c454b4f28ccceb5baa9ab0ded5817eae22","団体コード＋業種17＋事業1＋施設コード＋会計＋決算年度2020"
"business_expense","業務費","legal_applied","2020","2021","20","1","34","千円","税抜","https://www.e-stat.go.jp/stat-search/file-download?fileKind=0&statInfId=000032122216","https://www.e-stat.go.jp/stat-search/file-download?&statInfId=000032122253&fileKind=0","f019a918c8b36048c1ebe40674d220c454b4f28ccceb5baa9ab0ded5817eae22","団体コード＋業種17＋事業1＋施設コード＋会計＋決算年度2020"
"general_administration_expense","総係費","legal_applied","2020","2021","20","1","35","千円","税抜","https://www.e-stat.go.jp/stat-search/file-download?fileKind=0&statInfId=000032122216","https://www.e-stat.go.jp/stat-search/file-download?&statInfId=000032122253&fileKind=0","f019a918c8b36048c1ebe40674d220c454b4f28ccceb5baa9ab0ded5817eae22","団体コード＋業種17＋事業1＋施設コード＋会計＋決算年度2020"
"personnel_cost_total","職員給与費計","legal_applied","2020","2021","21","1","6","千円","税抜","https://www.e-stat.go.jp/stat-search/file-download?fileKind=0&statInfId=000032122216","https://www.e-stat.go.jp/stat-search/file-download?&statInfId=000032122254&fileKind=0","709d1e34e3743ef50b07ca308988015e88d7944858b11b903973cf64f680b460","団体コード＋業種17＋事業1＋施設コード＋会計＋決算年度2020"
"interest_cost_total","支払利息計","legal_applied","2020","2021","21","1","7","千円","税抜","https://www.e-stat.go.jp/stat-search/file-download?fileKind=0&statInfId=000032122216","https://www.e-stat.go.jp/stat-search/file-download?&statInfId=000032122254&fileKind=0","709d1e34e3743ef50b07ca308988015e88d7944858b11b903973cf64f680b460","団体コード＋業種17＋事業1＋施設コード＋会計＋決算年度2020"
"depreciation_cost","減価償却費","legal_applied","2020","2021","21","1","11","千円","税抜","https://www.e-stat.go.jp/stat-search/file-download?fileKind=0&statInfId=000032122216","https://www.e-stat.go.jp/stat-search/file-download?&statInfId=000032122254&fileKind=0","709d1e34e3743ef50b07ca308988015e88d7944858b11b903973cf64f680b460","団体コード＋業種17＋事業1＋施設コード＋会計＋決算年度2020"
"power_cost","動力費","legal_applied","2020","2021","21","1","12","千円","税抜","https://www.e-stat.go.jp/stat-search/file-download?fileKind=0&statInfId=000032122216","https://www.e-stat.go.jp/stat-search/file-download?&statInfId=000032122254&fileKind=0","709d1e34e3743ef50b07ca308988015e88d7944858b11b903973cf64f680b460","団体コード＋業種17＋事業1＋施設コード＋会計＋決算年度2020"
"water_and_utilities_cost","水道光熱費","legal_applied","2020","2021","21","1","13","千円","税抜","https://www.e-stat.go.jp/stat-search/file-download?fileKind=0&statInfId=000032122216","https://www.e-stat.go.jp/stat-search/file-download?&statInfId=000032122254&fileKind=0","709d1e34e3743ef50b07ca308988015e88d7944858b11b903973cf64f680b460","団体コード＋業種17＋事業1＋施設コード＋会計＋決算年度2020"
"communications_transport_cost","通信運搬費","legal_applied","2020","2021","21","1","14","千円","税抜","https://www.e-stat.go.jp/stat-search/file-download?fileKind=0&statInfId=000032122216","https://www.e-stat.go.jp/stat-search/file-download?&statInfId=000032122254&fileKind=0","709d1e34e3743ef50b07ca308988015e88d7944858b11b903973cf64f680b460","団体コード＋業種17＋事業1＋施設コード＋会計＋決算年度2020"
"repair_cost","修繕費","legal_applied","2020","2021","21","1","15","千円","税抜","https://www.e-stat.go.jp/stat-search/file-download?fileKind=0&statInfId=000032122216","https://www.e-stat.go.jp/stat-search/file-download?&statInfId=000032122254&fileKind=0","709d1e34e3743ef50b07ca308988015e88d7944858b11b903973cf64f680b460","団体コード＋業種17＋事業1＋施設コード＋会計＋決算年度2020"
"materials_cost","材料費","legal_applied","2020","2021","21","1","16","千円","税抜","https://www.e-stat.go.jp/stat-search/file-download?fileKind=0&statInfId=000032122216","https://www.e-stat.go.jp/stat-search/file-download?&statInfId=000032122254&fileKind=0","709d1e34e3743ef50b07ca308988015e88d7944858b11b903973cf64f680b460","団体コード＋業種17＋事業1＋施設コード＋会計＋決算年度2020"
"chemical_cost","薬品費","legal_applied","2020","2021","21","1","17","千円","税抜","https://www.e-stat.go.jp/stat-search/file-download?fileKind=0&statInfId=000032122216","https://www.e-stat.go.jp/stat-search/file-download?&statInfId=000032122254&fileKind=0","709d1e34e3743ef50b07ca308988015e88d7944858b11b903973cf64f680b460","団体コード＋業種17＋事業1＋施設コード＋会計＋決算年度2020"
"road_restoration_cost","路面復旧費","legal_applied","2020","2021","21","1","18","千円","税抜","https://www.e-stat.go.jp/stat-search/file-download?fileKind=0&statInfId=000032122216","https://www.e-stat.go.jp/stat-search/file-download?&statInfId=000032122254&fileKind=0","709d1e34e3743ef50b07ca308988015e88d7944858b11b903973cf64f680b460","団体コード＋業種17＋事業1＋施設コード＋会計＋決算年度2020"
"outsourcing_cost","委託料","legal_applied","2020","2021","21","1","19","千円","税抜","https://www.e-stat.go.jp/stat-search/file-download?fileKind=0&statInfId=000032122216","https://www.e-stat.go.jp/stat-search/file-download?&statInfId=000032122254&fileKind=0","709d1e34e3743ef50b07ca308988015e88d7944858b11b903973cf64f680b460","団体コード＋業種17＋事業1＋施設コード＋会計＋決算年度2020"
"regional_sewerage_contribution","流域下水道管理運営費負担金","legal_applied","2020","2021","21","1","27","千円","税抜","https://www.e-stat.go.jp/stat-search/file-download?fileKind=0&statInfId=000032122216","https://www.e-stat.go.jp/stat-search/file-download?&statInfId=000032122254&fileKind=0","709d1e34e3743ef50b07ca308988015e88d7944858b11b903973cf64f680b460","団体コード＋業種17＋事業1＋施設コード＋会計＋決算年度2020"
"other_cost","その他","legal_applied","2020","2021","21","1","28","千円","税抜","https://www.e-stat.go.jp/stat-search/file-download?fileKind=0&statInfId=000032122216","https://www.e-stat.go.jp/stat-search/file-download?&statInfId=000032122254&fileKind=0","709d1e34e3743ef50b07ca308988015e88d7944858b11b903973cf64f680b460","団体コード＋業種17＋事業1＋施設コード＋会計＋決算年度2020"
"total_cost","費用合計","legal_applied","2020","2021","21","1","29","千円","税抜","https://www.e-stat.go.jp/stat-search/file-download?fileKind=0&statInfId=000032122216","https://www.e-stat.go.jp/stat-search/file-download?&statInfId=000032122254&fileKind=0","709d1e34e3743ef50b07ca308988015e88d7944858b11b903973cf64f680b460","団体コード＋業種17＋事業1＋施設コード＋会計＋決算年度2020"
"servicePopulation","処理区域内人口","non_legal_applied","2020","2021","10","1","11","人","金額以外","https://www.e-stat.go.jp/stat-search/file-download?fileKind=0&statInfId=000032122233","https://www.e-stat.go.jp/stat-search/file-download?&statInfId=000032122287&fileKind=0","812a5180544cff012fb9e07eb30a05b7a62e293f8e3c2de0601834b57ba4ec82","団体コード＋業種17＋事業1＋施設コード＋会計＋決算年度2020"
"connectedPopulation","水洗化人口","non_legal_applied","2020","2021","10","1","12","人","金額以外","https://www.e-stat.go.jp/stat-search/file-download?fileKind=0&statInfId=000032122233","https://www.e-stat.go.jp/stat-search/file-download?&statInfId=000032122287&fileKind=0","812a5180544cff012fb9e07eb30a05b7a62e293f8e3c2de0601834b57ba4ec82","団体コード＋業種17＋事業1＋施設コード＋会計＋決算年度2020"
"treatedVolume","年間汚水処理水量","non_legal_applied","2020","2021","10","1","50","m³/年","金額以外","https://www.e-stat.go.jp/stat-search/file-download?fileKind=0&statInfId=000032122233","https://www.e-stat.go.jp/stat-search/file-download?&statInfId=000032122287&fileKind=0","812a5180544cff012fb9e07eb30a05b7a62e293f8e3c2de0601834b57ba4ec82","団体コード＋業種17＋事業1＋施設コード＋会計＋決算年度2020"
"annualBillableVolume","年間有収水量","non_legal_applied","2020","2021","10","1","52","m³/年","金額以外","https://www.e-stat.go.jp/stat-search/file-download?fileKind=0&statInfId=000032122233","https://www.e-stat.go.jp/stat-search/file-download?&statInfId=000032122287&fileKind=0","812a5180544cff012fb9e07eb30a05b7a62e293f8e3c2de0601834b57ba4ec82","団体コード＋業種17＋事業1＋施設コード＋会計＋決算年度2020"
"householdFee20m3Yen","一般家庭用20m³月額","non_legal_applied","2020","2021","33","1","13","円/月・税込","税込","https://www.e-stat.go.jp/stat-search/file-download?fileKind=0&statInfId=000032122233","https://www.e-stat.go.jp/stat-search/file-download?&statInfId=000032122303&fileKind=0","f0d94d5160b07cd15aa10e4b4bfa6bdc70d8a8840c4cd63cd3baace59ad71ccd","団体コード＋業種17＋事業1＋施設コード＋会計＋決算年度2020"
"sewerFeeRevenue","使用料収入","non_legal_applied","2020","2021","26","1","3","千円/年","税込","https://www.e-stat.go.jp/stat-search/file-download?fileKind=0&statInfId=000032122233","https://www.e-stat.go.jp/stat-search/file-download?&statInfId=000032122300&fileKind=0","b9bc8d4bbcb8155d798f1e33f3242fc05fd60c519f139758e6f06e6c8cea9ebd","団体コード＋業種17＋事業1＋施設コード＋会計＋決算年度2020"
"wastewaterTreatmentCost","汚水処理費","non_legal_applied","2020","2021","32","2","16","千円/年","税込","https://www.e-stat.go.jp/stat-search/file-download?fileKind=0&statInfId=000032122233","https://www.e-stat.go.jp/stat-search/file-download?&statInfId=000032122302&fileKind=0","3d5b24c50f7ce3479c5f930616007808b1517a736fd10804ce4a965aa11cc24c","団体コード＋業種17＋事業1＋施設コード＋会計＋決算年度2020"
"opexComponent","維持管理費分","non_legal_applied","2020","2021","32","1","44","千円/年","税込","https://www.e-stat.go.jp/stat-search/file-download?fileKind=0&statInfId=000032122233","https://www.e-stat.go.jp/stat-search/file-download?&statInfId=000032122302&fileKind=0","3d5b24c50f7ce3479c5f930616007808b1517a736fd10804ce4a965aa11cc24c","団体コード＋業種17＋事業1＋施設コード＋会計＋決算年度2020"
"capitalCostComponent","資本費分","non_legal_applied","2020","2021","32","2","8","千円/年","税込","https://www.e-stat.go.jp/stat-search/file-download?fileKind=0&statInfId=000032122233","https://www.e-stat.go.jp/stat-search/file-download?&statInfId=000032122302&fileKind=0","3d5b24c50f7ce3479c5f930616007808b1517a736fd10804ce4a965aa11cc24c","団体コード＋業種17＋事業1＋施設コード＋会計＋決算年度2020"
